Title, Filename, No. of Citations, SearchType,,mean,median,max,min
Twisted K-Theory from Monodromies  , 0302081.abs ,27,1,,42.0137389598,16,2694,0
On the Equivalence of Phase and Field Charges  , 0303259.abs ,1,1,,,,,
CFT and Black Hole Entropy in Induced Gravity  , 0302207.abs ,19,1,,,,,
The one-loop QED in Noncommutative space  , 0301084.abs ,4,1,,,,,
Dirac-Born-Infeld Action on the Tachyon Kink and Vortex  , 0303057.abs ,233,1,,Percentiles,,,
The scientific work of Sonia Stanciu  , 0303041.abs ,0,1,,10.00%,1,,
Stability of six-dimensional hyperstring braneworlds  , 0301172.abs ,30,1,,20.00%,4,,
Bound-state gravity from higher derivatives  , 0303171.abs ,5,1,,30.00%,6,,
Reducible representations of CAR and CCR with possible applications to field quantization  , 0304144.abs ,13,1,,40.00%,10,,
Superstrings on NSNS PP-Waves and Their CFT Duals  , 0303222.abs ,13,1,,50.00%,16,,
Supergravity Null Scissors and Super-Crosses  , 0303156.abs ,8,1,,60.00%,22,,
O(N) Phantom A Way to Implement w<-1  , 0303093.abs ,88,1,,70.00%,33,,
Z_3 orbifolds of the SO(32) heterotic string: 1 Wilson line embeddings  , 0301232.abs ,17,1,,80.00%,50,,
Interactions in Intersecting Brane Models  , 0303124.abs ,145,1,,90.00%,89,,
Domain Walls and the Creation of Strings  , 0303253.abs ,9,1,,95.00%,160.6,,
More on Superstrings in AdS(3) x N  , 0302217.abs ,27,1,,97.50%,226.1,,
On the Octonionic M-superalgebra  , 0301163.abs ,6,1,,99.00%,394.68,,
Massive torsion modes chiral gravity and the Adler-Bell-Jackiw anomaly  , 0303147.abs ,7,1,,,,,
The 3-string vertex and the AdS/CFT duality in the PP-wave limit  , 0304025.abs ,58,1,,,,,
Burgers' equation in non-commutative space-time  , 0302055.abs ,9,1,,,,,
Area spectrum and quasinormal modes of black holes  , 0304135.abs ,67,1,,,,,
Statistical Quantum Mechanics of Many Universes  , 0304116.abs ,8,1,,,,,
Local Couplings and Sl(2R) Invariance for Gauge Theories at One Loop  , 0302119.abs ,13,1,,,,,
Pair creation by homogeneous electric field from the point of view of an accelerated observer  , 0304010.abs ,12,1,,,,,
${\cal N}=2$ SO(N) SYM theory from Matrix Model  , 0302083.abs ,12,1,,,,,
Three-dimensional black hole entropy  , 0304211.abs ,12,1,,,,,
Dynamical Structure of Irregular Constrained Systems  , 0302033.abs ,54,1,,,,,
Universality classes for horizon instabilities  , 0301002.abs ,24,1,,,,,
N=1 Supersymmetry Deconstruction and Bosonic Gauge Theories  , 0302011.abs ,105,1,,,,,
Exact conserved quantities on the cylinder II: off-critical case  , 0302220.abs ,13,1,,,,,
Holography SL(2R) symmetry Virasoro algebra and all that in Rindler spacetime  , 0304111.abs ,10,1,,,,,
Quantization in Ads and the Ads/CFT Correspondence  , 0301025.abs ,1,1,,,,,
Strings p-Branes and Dp-Branes With Dynamical Tension  , 0304269.abs ,16,1,,,,,
Dirac Operator on fuzzy AdS_2  , 0302154.abs ,9,1,,,,,
The geodesic approximation for lump dynamics and coercivity of the Hessian for harmonic maps  , 0301148.abs ,8,1,,,,,
Triviality of Higher Derivative Theories  , 0304073.abs ,29,1,,,,,
Basic Twist Quantization of osp(1|2) and kappa--Deformation of D=1 Superconformal Mechanics  , 0301033.abs ,20,1,,,,,
On Effective Superpotentials and Compactification to Three Dimensions  , 0304247.abs ,16,1,,,,,
Two-point correlation functions of scaling fields in the Dirac theory on the Poincare disk  , 0304190.abs ,26,1,,,,,
Truncations of the D9-brane action and type-I strings  , 0301021.abs ,7,1,,,,,
Recombination of Intersecting D-branes by Local Tachyon Condensation  , 0303204.abs ,65,1,,,,,
Can Renormalization Group Flow End in a Big Mess?  , 0304178.abs ,58,1,,,,,
Relativistic phase space: dimensional recurrences  , 0301004.abs ,5,1,,,,,
Nonlinear multidimensional cosmological models with form fields: stabilization of extra dimensions and the cosmological constant problem  , 0303023.abs ,48,1,,,,,
Quaternionic and Octonionic Spinors. A Classification  , 0302113.abs ,46,1,,,,,
Massive ghost theories with a line of defects  , 0302097.abs ,2,1,,,,,
Parquet Approximation for Large N Matrix Higgs Model  , 0303169.abs ,3,1,,,,,
BMN operators with vector impurities Z_2 symmetry and pp-waves  , 0303107.abs ,23,1,,,,,
Calculation of Higher Mass-Dimensional Effective Lagrangians in Quantum Field Theory  , 0304088.abs ,0,1,,,,,
Gauge Theories on the Light-Front  , 0302121.abs ,5,1,,,,,
Noncommutative physics on Lie algebras Z_2^n lattices and Clifford algebras  , 0302120.abs ,5,1,,,,,
Supersymmetry in Spaces of Constant Curvature  , 0301127.abs ,3,1,,,,,
Frenet-Serret vacuum radiation detection proposals and related topics  , 0301128.abs ,3,1,,,,,
A covariant formalism for Chern-Simons gravity  , 0301146.abs ,44,1,,,,,
Invariant Homology on Standard Model Manifolds  , 0303020.abs ,31,1,,,,,
Hopf Algebra Primitives and Renormalization  , 0302173.abs ,2,1,,,,,
Maxwell $F^N$ Characteristic Equation Algorithm Applied to Abelian Born-Infeld Action in Dp-branes  , 0301051.abs ,0,1,,,,,
Topological Yang-Mills Theories and Their Observables: a Superspace Approach  , 0303084.abs ,8,1,,,,,
A gauge invariant formulation for the SU(N) non-linear sigma model in 2+1 dimensions  , 0302025.abs ,0,1,,,,,
Particle Spectrum of the Supersymmetric Standard Model from the Massless Excitations of a Four Dimensional Superstring  , 0302133.abs ,8,1,,,,,
Codimension Two Compactifications and the Cosmological Constant Problem  , 0302129.abs ,159,1,,,,,
Cut-off QFT and black hole entropy  , 0302012.abs ,0,1,,,,,
Phases of N=1 Supersymmetric SO/Sp Gauge Theories via Matrix Model  , 0302150.abs ,27,1,,,,,
Who Confines Quarks? - On Non-Abelian Monopoles and Dynamics of Confinement  , 0304157.abs ,3,1,,,,,
Conformal Covariance Subalgebras  , 0303201.abs ,1,1,,,,,
Wakes in Dilatonic Current-Carrying Cosmic Strings  , 0303112.abs ,13,1,,,,,
Vacuum Polarization of a Charged Massless Scalar Field on Cosmic String Spacetime in the Presence of a Magnetic Field  , 0301169.abs ,29,1,,,,,
Integrable Markov processes and quantum spin chains  , 0302094.abs ,3,1,,,,,
Five-loop renormalization-group expansions for two-dimensional Euclidean \lambda \phi^4 theory  , 0301077.abs ,0,1,,,,,
Half-monopoles and half-vortices in the Yang-Mills theory  , 0301045.abs ,22,1,,,,,
Hidden Degeneracy in the Brick Wall Model of Black Holes  , 0302183.abs ,13,1,,,,,
Self-Dual N=(10) Supergravity in Eight Dimensions with Reduced Holonomy Spin(7)  , 0302059.abs ,12,1,,,,,
The Decay of The Five Brane in $AdS_5\times RP^5$  , 0301247.abs ,0,1,,,,,
Blown-up p-Branes and the Cosmological Constant  , 0304057.abs ,20,1,,,,,
Uniqueness Theorem of Static Degenerate and Non-degenerate Charged Black Holes in Higher Dimensions  , 0302091.abs ,89,1,,,,,
Superstrings with Intrinsic Torsion  , 0302158.abs ,314,1,,,,,
Vacuum stress around a topological defect  , 0301219.abs ,1,1,,,,,
Partial wave Analysis of the First Order Born Amplitude of a Dirac Particle in an Aharonov-Bohm Potential  , 0302169.abs ,9,1,,,,,
Russian Doll Renormalization Group Kosterlitz-Thouless Flows and the Cyclic sine-Gordon model  , 0301042.abs ,41,1,,,,,
Instantons of M(atrix) Theory in PP-Wave Background  , 0301120.abs ,27,1,,,,,
Hybrid Superstrings in NS-NS Plane Waves  , 0303039.abs ,5,1,,,,,
3d Conformal Higher Spin Symmetry in 2+1 Dimensional Matter Systems  , 0301016.abs ,1,1,,,,,
If I Only Had A Brane!  , 0304143.abs ,9,1,,,,,
On the Intimate Connection Between Mass Scales and Their Relations in Symmetric Quantum Field Theory  , 0304122.abs ,0,1,,,,,
D-brane - Anti-D-brane Forces in Plane Wave Backgrounds: A Fall From Grace  , 0303255.abs ,5,1,,,,,
On Free Field Realizations of Strings in BTZ  , 0304009.abs ,4,1,,,,,
Heavy Fermion Quantum Effects in SU(2)_L Gauge Theory  , 0303159.abs ,17,1,,,,,
Ghosts in a Mirror  , 0304069.abs ,63,1,,,,,
Kaluza-Klein Monopole in AdS Spacetime  , 0301027.abs ,9,1,,,,,
Rotating Supertubes  , 0302172.abs ,2,1,,,,,
Cosmological solutions of braneworlds with warped and compact dimensions  , 0301168.abs ,13,1,,,,,
Quantization via Star Products  , 0304082.abs ,1,1,,,,,
Systematics of Quarter BPS operators in N=4 SYM  , 0301104.abs ,56,1,,,,,
Multi-loop Feynman integrals and conformal quantum mechanics  , 0303056.abs ,43,1,,,,,
A Bohmian Interpretation for Noncommutative Quantum Field Theory and Quantum Mechanics  , 0304105.abs ,26,1,,,,,
The Yang Mills* Gravity Dual  , 0302098.abs ,6,1,,,,,
String networks and supersheets  , 0301028.abs ,11,1,,,,,
Theta--instantons in SU(2) Higgs theory  , 0303136.abs ,4,1,,,,,
Confinement of N=1 Super Yang-Mills from Supergravity  , 0303141.abs ,2,1,,,,,
A Quantum Analysis on Recombination Process and Dynamics of D-p-branes at one angle  , 0304237.abs ,5,1,,,,,
DLCQ On a Twisted Torus  , 0301154.abs ,0,1,,,,,
Black holes in Godel universes and pp-waves  , 0304181.abs ,103,1,,,,,
deSitter brane universe induced by phantom and quantum effects  , 0304131.abs ,191,1,,,,,
Cornwall-Jackiw-Tomboulis effective potential for canonical noncommutative field theories  , 0304090.abs ,7,1,,,,,
Supergravity and IOSp(31|4) gauge theory  , 0304054.abs ,0,1,,,,,
Thermal Partition Function of Superstring on Compactified PP-Wave  , 0301035.abs ,25,1,,,,,
Generalized Wavefunctions for Correlated Quantum Oscillators II: Geometry of the Space of States  , 0301158.abs ,4,1,,,,,
Scattering and pair production by a potential barrier  , 0304174.abs ,8,1,,,,,
Yukawa couplings in SO(10) heterotic M-theory vacua  , 0301147.abs ,13,1,,,,,
Stability of Neutral Fermi Balls with Multi-Flavor Fermions  , 0301216.abs ,5,1,,,,,
The Holographic Dual of a SUSY Vector Model and Tensionless Open Strings  , 0304208.abs ,10,1,,,,,
Singular supersymmetric sigma models  , 0302135.abs ,10,1,,,,,
Hagedorn Inflation: Open Strings on Branes Can Drive Inflation  , 0303046.abs ,15,1,,,,,
D-brane Anti-brane Annihilation in an Expanding Universe  , 0304153.abs ,19,1,,,,,
2D String Theory as Normal Matrix Model  , 0302106.abs ,57,1,,,,,
The Renormalization of Non-Commutative Field Theories in the Limit of Large Non-Commutativity  , 0304159.abs ,17,1,,,,,
Renormalization of the energy-momentum tensor in noncommutative scalar field theory  , 0303186.abs ,6,1,,,,,
Type IIA Supergravity Excitations in Plane-Wave Background  , 0303153.abs ,9,1,,,,,
Electromagnetic String Fluid in Rolling Tachyon  , 0301076.abs ,58,1,,,,,
Chiral 4d string vacua with D-branes and NSNS and RR fluxes  , 0303024.abs ,176,1,,,,,
Open strings in relativistic ion traps  , 0302159.abs ,17,1,,,,,
Graphical Representation of Supersymmetry  , 0301166.abs ,2,1,,,,,
A note on alpha-vacua and interacting field theory in de Sitter space  , 0302050.abs ,72,1,,,,,
Supersymmetric Intersections of M-branes and pp-waves  , 0303193.abs ,8,1,,,,,
Deconstruction and Holography  , 0302230.abs ,14,1,,,,,
Light-front gauge propagator reexamined-II  , 0304065.abs ,16,1,,,,,
Many-Body Superconformal Systems from Hamiltonian Reductions  , 0304087.abs ,5,1,,,,,
One-loop renormalizability of all 2d dimensional Poisson-Lie sigma-models  , 0304053.abs ,2,1,,,,,
N=1 Super Yang-Mills Theory in Ito Calculus  , 0302138.abs ,5,1,,,,,
On Winding Branes and Cosmological Evolution of Extra Dimensions in String Theory  , 0302118.abs ,39,1,,,,,
Geometric regularizations and dual conifold transitions  , 0303054.abs ,7,1,,,,,
Inflating p-branes  , 0304262.abs ,16,1,,,,,
Phases of N=1 Supersymmetric Gauge Theories and Matrices  , 0301006.abs ,172,1,,,,,
Chiral Symmetry and Vertex Symmetry in the Extended Moeller-Rosenfeld Model  , 0302102.abs ,0,1,,,,,
Cubic Free Field Theory  , 0302043.abs ,11,1,,,,,
Analytical approximation of the stress-energy tensor of a quantized scalar field in static spherically symmetric spacetimes  , 0302039.abs ,6,1,,,,,
PP-Wave Strings from Membrane and from String in the Spacetime with Two Time Directions  , 0304236.abs ,5,1,,,,,
Stringy Symmetries and Their High-energy Limit  , 0303012.abs ,19,1,,,,,
TFD Approach to Bosonic Strings and $D_{P}$-branes  , 0301249.abs ,26,1,,,,,
Generalized Wavefunctions for Correlated Quantum Oscillators I: Basic Formalism and Classical Antecedants  , 0301156.abs ,4,1,,,,,
On the Matter of the Dijkgraaf--Vafa Conjecture  , 0303104.abs ,46,1,,,,,
n=3 Differential calculus and gauge theory on a reduced quantum plane  , 0303216.abs ,1,1,,,,,
Towards a QED-Based Vacuum Energy  , 0303108.abs ,0,1,,,,,
Supereigenvalue Model and Dijkgraaf-Vafa Proposal  , 0304184.abs ,13,1,,,,,
Gauge Invariant Regularization of Quantum Field Theory on the Light-Front  , 0303180.abs ,4,1,,,,,
On the behaviour of a rigid Casimir cavity in a gravitational field  , 0302082.abs ,2,1,,,,,
Note on Plane Wave Quantum Mechanics  , 0303220.abs ,35,1,,,,,
Dijkgraaf-Vafa theory as large-N reduction  , 0303210.abs ,52,1,,,,,
Quantum Mechanics on Manifolds Embedded in Euclidean Space  , 0302216.abs ,66,1,,,,,
De Sitter Invariant Vacuum States Vertex Operators and Conformal Field Theory Correlators  , 0301023.abs ,7,1,,,,,
Matrix model for noncommutative gravity and gravitational instantons  , 0303119.abs ,6,1,,,,,
Open String Plane-Wave Light-Cone Superstring Field Theory  , 0304114.abs ,22,1,,,,,
Recursive Graphical Solution of Closed Schwinger-Dyson Equations in phi^4-Theory -- Part1: Generation of Connected and One-Particle Irreducible Feynman Diagrams  , 0303177.abs ,10,1,,,,,
Semiclassical description of D-branes in SL(2)/U(1) gauged WZW model  , 0304015.abs ,15,1,,,,,
A Study of Accelerating Cosmologies from Superstring/M theories  , 0304172.abs ,149,1,,,,,
Quantum order from string condensations and origin of light and massless fermions  , 0302201.abs ,88,1,,,,,
Ultraviolet Finite Quantum Field Theory on Quantum Spacetime  , 0301100.abs ,102,1,,,,,
A Topological Criterion for Alice Strings  , 0304161.abs ,2,1,,,,,
Non-linear Brane Dynamics in a Six Dimensional Model  , 0303131.abs ,4,1,,,,,
Interacting mixed-symmetry type tensor gauge fields of degrees two and three: a four-dimensional cohomological approach  , 0303079.abs ,4,1,,,,,
Loop equations matrix models and N=1 supersymmetric gauge theories  , 0304138.abs ,38,1,,,,,
Chiral supersymmetric models on an orientifold of Z_4 x Z_2 with intersecting D6-branes  , 0303015.abs ,128,1,,,,,
Correlators in Timelike Bulk Liouville Theory  , 0303221.abs ,98,1,,,,,
Modification to the power spectrum in the brane world inflation driven by the bulk inflaton  , 0301072.abs ,8,1,,,,,
Asymptotic black hole quasinormal frequencies  , 0301173.abs ,271,1,,,,,
Non-critical string Liouville theory and geometric bootstrap hypothesis  , 0302211.abs ,1,1,,,,,
Dependence of Variational Perturbation Expansions on Strong-Coupling Behavior. Inapplicability of delta-Expansion to Field Theory  , 0302116.abs ,20,1,,,,,
Classical Solutions for Poisson Sigma Models on a Riemann surface  , 0304252.abs ,17,1,,,,,
Large-N limit of the non-local 2D Yang-Mills and generalized Yang-Mills theories on a cylinder  , 0304204.abs ,9,1,,,,,
Pseudonatural Inflation  , 0302034.abs ,121,1,,,,,
Superpartner States in Quantum Mechanics of Colored Particle  , 0303106.abs ,0,1,,,,,
The Barnes zeta-function sphere determinants and Glaisher- Kinkelin-Bendersky constants  , 0301143.abs ,23,1,,,,,
Anomaly puzzle in N=1 supersymmetric electrodynamics as artifact of dimensional reduction  , 0301167.abs ,4,1,,,,,
N=2 Sigma Model with Twisted Mass and Superpotential: Central Charges and Solitons  , 0304003.abs ,21,1,,,,,
On Non-Abelian Holonomies  , 0304223.abs ,7,1,,,,,
Quantum State Density and Critical Temperature in M-theory  , 0301239.abs ,3,1,,,,,
Significance of the Renormalization Constant of the Color Gauge Field  , 0302208.abs ,0,1,,,,,
Recombination of Intersecting D-branes in Tachyon Field Theory  , 0304171.abs ,28,1,,,,,
Gravity p-branes and a spacetime counterpart of the Higgs effect  , 0301255.abs ,19,1,,,,,
Time-dependent backgrounds from supergravity with gauged non-compact R-symmetry  , 0303266.abs ,37,1,,,,,
Pictures and equations of motion in Lagrangian quantum field theory  , 0302002.abs ,8,1,,,,,
Primordial fluctuations in bulk inflaton model  , 0301165.abs ,37,1,,,,,
Gluino-Condensate (CIV-DV) Prepotential from its Whitham-Time Derivatives  , 0301136.abs ,46,1,,,,,
Polynomial super-gl(n) algebras  , 0301209.abs ,9,1,,,,,
Inhomogeneous Dark Radiation Dynamics on a de Sitter Brane  , 0304038.abs ,2,1,,,,,
N=2 supergravity models with stable de Sitter vacua  , 0301024.abs ,17,1,,,,,
Bethe Ansatz solution of the open XXZ chain with nondiagonal boundary terms  , 0304092.abs ,166,1,,,,,
Massive Spin-2 Field in De Sitter Space  , 0302022.abs ,72,1,,,,,
Holographic three-point functions: one step beyond the tradition  , 0302019.abs ,13,1,,,,,
Classical Solutions in a Lorentz-violating Maxwell-Chern-Simons Electrodynamics  , 0301224.abs ,59,1,,,,,
Extended Planck Scale  , 0302080.abs ,7,1,,,,,
The Stueckelberg Field  , 0304245.abs ,250,1,,,,,
Gauge Threshold Corrections in Intersecting Brane World Models  , 0302221.abs ,186,1,,,,,
The factorization method self-similar potentials and quantum algebras  , 0302046.abs ,21,1,,,,,
Deconfinement mechanism in three dimensions for gauge fields coupled to bosonic matter fields with fundamental charge  , 0303265.abs ,1,1,,,,,
Noncommutative Maxwell-Chern-Simons theory duality and a new noncommutative Chern-Simons theory in d=3  , 0302074.abs ,30,1,,,,,
A Quantum Bousso Bound  , 0303067.abs ,46,1,,,,,
Bouncing pre-big bang on the brane  , 0304004.abs ,23,1,,,,,
Gauge conservation laws in higher-dimensional Chern-Simons models  , 0303059.abs ,11,1,,,,,
Evidence that highly non-uniform black strings have a conical waist  , 0304070.abs ,59,1,,,,,
4-D gauged supergravity analysis of Type IIB vacua on $K3\times T^2/Z_2$  , 0302174.abs ,61,1,,,,,
The no-ghost theorem in curved backgrounds with a timelike u(1): NSR string  , 0303051.abs ,7,1,,,,,
Cubic Matrix Generalized Spin Algebra and Uncertainty Relation  , 0304149.abs ,28,1,,,,,
Galilean symmetry in noncommutative field theory  , 0304215.abs ,33,1,,,,,
Gluon-ghost condensate of mass dimension 2 in the Curci-Ferrari gauge  , 0302168.abs ,52,1,,,,,
Nonlinear supersymmetry in Quantum Mechanics: algebraic properties and differential representation  , 0301062.abs ,101,1,,,,,
Holographic dimensional reduction from entanglement in Minkowski space  , 0302186.abs ,19,1,,,,,
D3-branes in NS5-branes backgrounds  , 0301092.abs ,16,1,,,,,
Noncommutative Burgers Equation  , 0301213.abs ,56,1,,,,,
Minimal coupling of the Kalb-Ramond field to a scalar field  , 0304058.abs ,9,1,,,,,
Strong Interactions and Stability in the DGP Model  , 0303116.abs ,581,1,,,,,
Comments on Two-Loop Four-Particle Amplitude in Superstring Theory  , 0303152.abs ,17,1,,,,,
Unifying Approaches in Integrable Systems: Quantum and Statistical Ultralocal and Nonultralocal  , 0303263.abs ,3,1,,,,,
Abelian Projection of Massive SU(2) Gluodynamics --Towards Color Confinement  , 0302141.abs ,6,1,,,,,
A fresh look at midpoint singularities in the algebra of string fields  , 0304044.abs ,14,1,,,,,
BRST Quantization of String Theory in AdS(3)  , 0304230.abs ,33,1,,,,,
Prepotential and Instanton Corrections in N=2 Supersymmetric SU(N_1)xSU(N_2) Yang Mills Theories  , 0301105.abs ,6,1,,,,,
Comment on `A simple explanation of the non-appearance of physical gluons and quarks'  , 0302103.abs ,1,1,,,,,
A new Map between Quantum Gauge Theories defined on a Quantum hyperplane and ordinary Gauge Theories: q-deformed QED  , 0303025.abs ,0,1,,,,,
String theory in Lorentz-invariant light cone gauge - II  , 0301204.abs ,4,1,,,,,
The Euler-Lagrange Cohomology and General Volume-Preserving Systems  , 0304075.abs ,5,1,,,,,
Boundary $\sigma$-model and corrections to D-brane actions  , 0301012.abs ,6,1,,,,,
Penrose Limit and Enhancon Geometry  , 0302127.abs ,2,1,,,,,
The basic cohomology of the twisted N=16 D=2 super Maxwell theory  , 0304023.abs ,1,1,,,,,
On a Large N Degeneracy in N=4 SYM and the AdS/CFT Correspondence  , 0301058.abs ,31,1,,,,,
Deconstructed U(1) and Supersymmetry Breaking  , 0303155.abs ,34,1,,,,,
On Deriving Space-Time From Quantum Observables and States  , 0304179.abs ,9,1,,,,,
Gauge/string duality for QCD conformal operators  , 0304028.abs ,185,1,,,,,
Hyperbolic billiards of pure D=4 supergravities  , 0304233.abs ,44,1,,,,,
"On the relation between quantum Liouville theory and the quantized Teichm""uller spaces  ", 0303149.abs ,44,1,,,,,
Bosonization in the Noncommutative Plane  , 0303022.abs ,25,1,,,,,
Casimir densities for two concentric spherical shells in the global monopole spacetime  , 0304008.abs ,28,1,,,,,
Extranatural Inflation  , 0301218.abs ,169,1,,,,,
M Membranes and OM  , 0301223.abs ,0,1,,,,,
Covariant Matrix Model of Superparticle in the Pure Spinor Formalism  , 0302203.abs ,6,1,,,,,
Bound states by a pseudoscalar Coulomb potential in 1+1 dimensions  , 0303175.abs ,6,1,,,,,
A Matrix Model for Bilayered Quantum Hall Systems  , 0304207.abs ,4,1,,,,,
Renormalized scalar propagator around a dispiration  , 0301194.abs ,14,1,,,,,
BRST Hamiltonian for Bulk-Quantized Gauge Theory  , 0301222.abs ,0,1,,,,,
Towards the Construction of Wightman Functions of Integrable Quantum Field Theories  , 0301088.abs ,51,1,,,,,
The strong magnetic field asymptotic behaviour for the fermion-induced effective energy in the presence of a magnetic flux tube  , 0301192.abs ,4,1,,,,,
Algebraic Bethe ansatz for the elliptic quantum group $E_{\tau\eta}(sl_n)$ and its applications  , 0303077.abs ,19,1,,,,,
Towards a Naturally Small Cosmological Constant from Branes in 6D Supergravity  , 0304256.abs ,287,1,,,,,
D-branes in pp-wave spacetime with nonconstant NS-NS flux  , 0303182.abs ,17,1,,,,,
Superfield T-duality rules  , 0303075.abs ,11,1,,,,,
Supersymmetric SO(N)/Sp(N) Gauge Theory from Matrix Model:Exact Mesonic Vacua  , 0301011.abs ,20,1,,,,,
On the property of Cachazo-Intriligator-Vafa prepotential at the extremum of the superpotential  , 0301135.abs ,25,1,,,,,
SUSY Glue-Balls Dynamical Symmetry Breaking and Non-Holomorphic Potentials  , 0301155.abs ,18,1,,,,,
Charges and fluxes in Maxwell theory on compact manifolds with boundary  , 0303229.abs ,13,1,,,,,
Gravity in higher codimension de Sitter Brane Worlds  , 0303096.abs ,8,1,,,,,
A Ramond-Neveu-Schwarz string with one end fixed  , 0303217.abs ,0,1,,,,,
Modified mode-expansion on a BPS wall related to the nonlinear realization  , 0302196.abs ,2,1,,,,,
"Schr\""odinger invariance and space-time symmetries  ", 0302187.abs ,144,1,,,,,
Symplectic Structure in Brane Mechanics  , 0302084.abs ,5,1,,,,,
Flavor Symmetry Breaking in Strongly Coupled N=1 Supersymmetric SO(N_c) Gauge Theory with N_f=N_c-2  , 0304036.abs ,1,1,,,,,
Abelianization of Constraints in SU(N) Yang-Mills Theory  , 0303014.abs ,7,1,,,,,
New approach to nonlinear electrodynamics: dualities as symmetries of interaction  , 0303192.abs ,20,1,,,,,
Instabilities and Particle Production in S-Brane Geometries  , 0301122.abs ,32,1,,,,,
The Holographic Supercurrent Anomaly  , 0304238.abs ,4,1,,,,,
Observables in Topological Yang-Mills Theories  , 0303053.abs ,8,1,,,,,
Doubly Periodic Instantons and their Constituents  , 0302117.abs ,12,1,,,,,
On the Q-Ball Profile Function  , 0302031.abs ,4,1,,,,,
Hecke Operator and S-Duality of N=4 Super Yang-Mills for ADE Gauge Group on K3  , 0303121.abs ,7,1,,,,,
More Supersymmetric Standard-like Models from Intersecting D6-branes on Type IIA Orientifolds  , 0303197.abs ,96,1,,,,,
Irregular Hamiltonian Systems  , 0301256.abs ,2,1,,,,,
Strings in de Sitter space  , 0302212.abs ,30,1,,,,,
Hitchin system on singular curves I  , 0303069.abs ,12,1,,,,,
Compact weak G_2-manifolds with conical singularities  , 0302021.abs ,32,1,,,,,
Matter as Spectrum of Spacetime Representations  , 0304034.abs ,5,1,,,,,
Translational groups as generators of gauge transformations  , 0302130.abs ,5,1,,,,,
Aspects of String-Gas Cosmology at Finite Temperature  , 0301180.abs ,80,1,,,,,
Brane Dynamics the Polytropic Gas and Conformal Bulk Fields  , 0304266.abs ,13,1,,,,,
Semiclassical wormholes  , 0304176.abs ,23,1,,,,,
On Horizons and Plane Waves  , 0301187.abs ,17,1,,,,,
D-branes in PP-wave light cone string field theory  , 0303223.abs ,17,1,,,,,
Two-dimensional SUSY-pseudo-Hermiticity without separation of variables  , 0302003.abs ,46,1,,,,,
Three Dimensional Nonlinear Sigma Models in the Wilsonian Renormalization Method  , 0304194.abs ,13,1,,,,,
Structure of supergravity theories  , 0301005.abs ,33,1,,,,,
Strong coupling in brane-induced gravity in five dimensions  , 0303125.abs ,99,1,,,,,
Braneworld holography in Gauss-Bonnet gravity  , 0304250.abs ,81,1,,,,,
Massless Flavor in Geometry and Matrix Models  , 0301217.abs ,34,1,,,,,
Effective Actions Near Singularities: The STU-Model  , 0301126.abs ,0,1,,,,,
Generalized Wavefunctions for Correlated Quantum Oscillators IV: Bosonic and Fermionic Gauge Fields  , 0301160.abs ,0,1,,,,,
A finite action for three dimensional gravity with a minimally coupled scalar field  , 0301190.abs ,52,1,,,,,
Supersymmetric Domain Walls and Strings in D=5 gauged Supergravity coupled to Vector Multiplets  , 0302218.abs ,33,1,,,,,
On the SuperConformal Quantum Mechanics in the Nonlinear Realizations Approach  , 0301251.abs ,5,1,,,,,
Exact solutions for supersymmetric stationary black hole composites  , 0304094.abs ,240,1,,,,,
Non-Abelian brane cosmology  , 0301044.abs ,6,1,,,,,
Proof of a mass singularity free property in high temperature QCD  , 0301170.abs ,6,1,,,,,
Time Dependent Solution in Cubic String Field Theory  , 0304163.abs ,54,1,,,,,
Lorentz and CPT symmetries in commutative and noncommutative spacetime  , 0303122.abs ,29,1,,,,,
From N=1 to N=2 supersymmetries in 2+1 dimensions  , 0301034.abs ,5,1,,,,,
A Note on T-duality of Strings in Plane-Wave Backgrounds  , 0302020.abs ,6,1,,,,,
Correspondence between the 3-point BMN correlators and the 3-string vertex on the pp-wave  , 0301036.abs ,36,1,,,,,
The Spectrum of the Dirac Operator on Coset Spaces with Homogeneous Gauge Fields  , 0304037.abs ,45,1,,,,,
Moduli spaces and D-brane categories of tori using SCFT  , 0302226.abs ,6,1,,,,,
SU(N) confining strings  , 0304100.abs ,3,1,,,,,
A Dielectric Flow Solution with Maximal Supersymmetry  , 0304132.abs ,36,1,,,,,
The Gravity dual of the Non-Perturbative $ N = 2 $ SUSY Yang-Mills Theory  , 0304202.abs ,0,1,,,,,
BPS Wall in N=2 SUSY Nonlinear Sigma Model with Eguchi-Hanson Manifold  , 0302028.abs ,38,1,,,,,
Supersymmetric Extension of the Lorentz and CPT-Violating Maxwell-Chern-Simons Model  , 0304166.abs ,127,1,,,,,
Fermions coupled to Skyrmions on S^3  , 0304264.abs ,4,1,,,,,
Precanonical quantization of Yang-Mills fields and the functional Schroedinger representation  , 0301001.abs ,14,1,,,,,
Foliations with nonvanishing GV-class and gauge invariance  , 0303158.abs ,2,1,,,,,
Compactification with Flux and Yukawa Hierarchies  , 0303234.abs ,17,1,,,,,
The bosonic string and superstring models in 26+2 and 10+2 dimensional space--time and the generalized Chern-Simons action  , 0303045.abs ,1,1,,,,,
Chronology Protection in String Theory  , 0302052.abs ,39,1,,,,,
Gravity Induced C-Deformation  , 0303063.abs ,157,1,,,,,
Generalized Wavefunctions for Correlated Quantum Oscillators III: Chaos Irreversibility  , 0301159.abs ,0,1,,,,,
Elliptic solutions of the Skyrme model  , 0303092.abs ,11,1,,,,,
Breathers in the elliptic sine-Gordon model  , 0303245.abs ,4,1,,,,,
Non Commutative Field Theories and Integrable Models in 2d  , 0303168.abs ,1,1,,,,,
Nonsupersymmetric multibrane solutions  , 0301212.abs ,1,1,,,,,
The statistics of string/M theory vacua  , 0303194.abs ,581,1,,,,,
Self-Dual Fields and Quaternion Analyticity  , 0302139.abs ,0,1,,,,,
Comment on `Must a Hamiltonian be hermitian'  , 0303061.abs ,0,1,,,,,
Fermionic characters for graded parafermions  , 0301057.abs ,17,1,,,,,
Chaotic Quantization: Maybe the Lord plays dice after all?  , 0301131.abs ,21,1,,,,,
Sphalerons spectral flow and anomalies  , 0304167.abs ,28,1,,,,,
Lagrangian formulation of some q-deformed systems  , 0303071.abs ,24,1,,,,,
Konishi anomaly approach to gravitational F-terms  , 0304227.abs ,24,1,,,,,
A Path Integral Approach To Noncommutative Superspace  , 0304118.abs ,22,1,,,,,
Effective Hadronic Lagrangians Based on QCD: Potential Models and Skyrmions  , 0302101.abs ,4,1,,,,,
Regularization of Brane Induced Gravity  , 0304148.abs ,78,1,,,,,
Supersymmetric Standard Model from String Theory  , 0301041.abs ,2,1,,,,,
An overview of branes in the plane wave background  , 0301221.abs ,16,1,,,,,
Quasinormal modes of large AdS black holes  , 0301081.abs ,33,1,,,,,
Slowly varying tachyon and tachyon potential  , 0304145.abs ,61,1,,,,,
Scalar and spinning particles in a plane wave field  , 0304055.abs ,7,1,,,,,
Finite Temperature effects on the Induced Chern-Simons term in noncommutative geometry  , 0301030.abs ,5,1,,,,,
Non Supersymmetric Regular Solutions from Wrapped and Fractional Branes  , 0301118.abs ,20,1,,,,,
Exact String-like Solutions of the Gauged Nonlinear O(3) Model  , 0304155.abs ,2,1,,,,,
SO(21) conformal anomaly: Beyond contact interactions  , 0302197.abs ,20,1,,,,,
Twisting kappa-deformed phase space  , 0302036.abs ,4,1,,,,,
Mirror Mirror On The Wall: On 2d Black Holes and Liouville Theory  , 0303151.abs ,67,1,,,,,
A model displaying extremely inhomogeneous matter distribution in General Relativity  , 0304248.abs ,6,1,,,,,
Quivers via anomaly chains  , 0304123.abs ,20,1,,,,,
Electrostatic self-energy in QED_2 on curved background  , 0303002.abs ,2,1,,,,,
Holography beyond the horizon and cosmic censorship  , 0304150.abs ,37,1,,,,,
Lagrangean Approach to Gauge Symmetries for Mixed Constrained Systems and the Dirac Conjecture  , 0302210.abs ,1,1,,,,,
Tachyon Condensation and Universal Solutions in String Field Theory  , 0302182.abs ,27,1,,,,,
One-loop correction to classical masses of quantum kink families  , 0304125.abs ,28,1,,,,,
"Non-commutative ""*-charge radius"" and ""*-dipole moment"" of the neutrino  ", 0302175.abs ,40,1,,,,,
One-loop effective action for ${\cal N}=4$ SYM theory in the hypermultiplet sector - leading low-energy approximation and beyond  , 0304046.abs ,33,1,,,,,
On the definition of velocity in theories with two observer-independent scales  , 0302065.abs ,45,1,,,,,
N=4 Supergravity Lagrangian for Type IIB on T^6/Z_2 in Presence of Fluxes and D3-Branes  , 0303049.abs ,85,1,,,,,
Phases of N=1 Supersymmetric Gauge Theories with Flavors  , 0303065.abs ,38,1,,,,,
Semiclassical decay of strings with maximum angular momentum  , 0301109.abs ,36,1,,,,,
Unified Theory of Fundamental Interactions  , 0304193.abs ,21,1,,,,,
Holography inflation and quantum fluctuations in the early universe  , 0301182.abs ,10,1,,,,,
Parent Actions Dualities and New Weyl-invariant Actions of Bosonic p-branes  , 0301233.abs ,10,1,,,,,
A Matrix Model for Fractional Quantum Hall States  , 0303143.abs ,4,1,,,,,
Can black holes have Euclidean cores?  , 0303174.abs ,6,1,,,,,
Uncertainty of Velocity in kappa-Minkowski Spacetime  , 0302126.abs ,7,1,,,,,
Anti-de Sitter black holes perfect fluids and holography  , 0303089.abs ,14,1,,,,,
Quantum self-consistency of $AdS \times \Sigma$ brane models  , 0304040.abs ,44,1,,,,,
Plane waves and spacelike infinity  , 0303044.abs ,17,1,,,,,
Galois currents and the projective kernel in Rational Conformal Field Theory  , 0303027.abs ,8,1,,,,,
Optimal Renormalization-Group Improvement of R(s) via the Method of Characteristics  , 0301183.abs ,12,1,,,,,
Semi-classical string solutions for N=1 SYM  , 0301178.abs ,27,1,,,,,
Fermionic Ghosts in Moyal String Field Theory  , 0304005.abs ,26,1,,,,,
Observational Constraints on Cosmic String Production During Brane Inflation  , 0304188.abs ,199,1,,,,,
Thermal behavior induced by vacuum polarization on causal horizons in comparison with the standard heat bath formalism  , 0301107.abs ,3,1,,,,,
On the Meaning of the String Inspired Noncommutativity and its Implications  , 0301106.abs ,14,1,,,,,
Casimir Effect on the Worldline  , 0303264.abs ,189,1,,,,,
Perturbative bosonization from two-point correlation functions  , 0302213.abs ,4,1,,,,,
Chern-Simons vs. Yang-Mills gaugings in three dimensions  , 0303213.abs ,59,1,,,,,
osp(1|32) and Extensions of super-AdS_5 X S^5 algebra  , 0301083.abs ,15,1,,,,,
Unified Maxwell-Einstein and Yang-Mills-Einstein Supergravity Theories in Five Dimensions  , 0304109.abs ,29,1,,,,,
Energy-momentum conservation laws in higher-dimensional Chern-Simons models  , 0303148.abs ,6,1,,,,,
The quantum structure of spacetime at the Planck scale and quantum fields  , 0303037.abs ,1235,1,,,,,
Off-shell extension of S-matrix elements and tachyonic effective actions  , 0303239.abs ,50,1,,,,,
Thermodynamic Bethe Ansatz for boundary sine-Gordon model  , 0301075.abs ,13,1,,,,,
Riemann bilinear form and Poisson structure in Hitchin-type systems  , 0304099.abs ,1,1,,,,,
Accelerating cosmologies from M/String theory compactifications  , 0304084.abs ,130,1,,,,,
Two-Loop Computation in Superstring Theory  , 0301018.abs ,8,1,,,,,
GSO(-) Vertex Operators and Open Superstring Field Theory in Hybrid Variables  , 0303246.abs ,4,1,,,,,
Unitarity of supersymmetric SL(2R)/U(1) and no-ghost theorem for fermionic strings in AdS(3) x N  , 0301110.abs ,26,1,,,,,
Simple Equations for Cosmological Matter and Inflaton Field Interactions  , 0303019.abs ,0,1,,,,,
Superconformal mechanics and nonlinear supersymmetry  , 0304257.abs ,31,1,,,,,
Symmetries in M-theory: Monsters Inc  , 0303178.abs ,6,1,,,,,
$Z_3$ orbifold construction of $SU(3)^3$ GUT with $\sin^2\theta_W^0=3/8$  , 0301177.abs ,48,1,,,,,
Monopoles Duality and String Theory  , 0304042.abs ,39,1,,,,,
Penrose limit and DLCQ of string theory  , 0303055.abs ,7,1,,,,,
Superconformal boundary conditions for the WZW model  , 0304013.abs ,18,1,,,,,
Anthropic Estimates of the Charge and Mass of the Proton  , 0302051.abs ,10,1,,,,,
Classical R-Matrices and the Feigin-Odesskii Algebra via Hamiltonian and Poisson Reductions  , 0301121.abs ,26,1,,,,,
The Production Spectrum and Evolution of Cosmic Strings in Brane Inflation  , 0303269.abs ,227,1,,,,,
Interaction Between Kink and Radiation in $\phi^4$ Model  , 0303058.abs ,5,1,,,,,
Topological interpretation of the horizon temperature  , 0302068.abs ,35,1,,,,,
On the Quantum Inverse Problem for the Closed Toda Chain  , 0304052.abs ,12,1,,,,,
Gauge covariant heat kernel expansion at finite temperature  , 0302142.abs ,2,1,,,,,
Seiberg-Witten Monopole Equations on Noncommutative R^4  , 0304263.abs ,30,1,,,,,
Fermion production in time-dependent fields  , 0302229.abs ,32,1,,,,,
Twisted supergravity and untwisted super-bigravity  , 0303227.abs ,18,1,,,,,
Boundary States for D-branes with Traveling Waves  , 0303214.abs ,28,1,,,,,
Dirac Oscillator via R-Deformed Heisenberg Algebra  , 0301093.abs ,2,1,,,,,
The Cosmological Constant and Domain Walls in Orientifold Field Theories and N=1 Gluodynamics  , 0303109.abs ,28,1,,,,,
Casimir densities for a spherical shell in the global monopole background  , 0302053.abs ,19,1,,,,,
Supergravity duals of supersymmetric four dimensional gauge theories  , 0303191.abs ,83,1,,,,,
SUSY 3D Georgi-Glashow model at finite temperature  , 0303184.abs ,4,1,,,,,
Hamiltonian BRST deformation of a class of n-dimensional BF-type theories  , 0302037.abs ,14,1,,,,,
Conformal boundary and geodesics for $AdS_5\times S^5$ and the plane wave: Their approach in the Penrose limit  , 0302153.abs ,11,1,,,,,
First Order Formalism for Mixed Symmetry Tensor Fields  , 0304067.abs ,66,1,,,,,
Thermodynamic behavior of IIA string theory on a pp-wave  , 0304239.abs ,21,1,,,,,
Chern-kernels and anomaly cancellation in M-theory  , 0302108.abs ,12,1,,,,,
Fermion propagator for QED_3 in the IR domain  , 0303226.abs ,0,1,,,,,
Classical and Quantum Strings in plane waves shock waves and spacetime singularities: synthesis and new results  , 0302214.abs ,5,1,,,,,
Bosonization and Duality Aspects in Superfluids and Superconductors  , 0302202.abs ,5,1,,,,,
Structures of q-Deformed Currents  , 0301007.abs ,2,1,,,,,
CP symmetry and the strong interactions  , 0303254.abs ,12,1,,,,,
Introduction to a Non-Commutative Version of the Standard Model  , 0302070.abs ,13,1,,,,,
$\kappa$-deformations of D=3 conformal versus deformations of D=4 AdS symmetries  , 0301056.abs ,10,1,,,,,
Heterotic Yukawa couplings and continuous Wilson lines  , 0303009.abs ,27,1,,,,,
Duality and interacting families in models with the inverse-squared interaction  , 0304006.abs ,7,1,,,,,
Comments on N=4 Superconformal Extension of the Calogero Model  , 0302156.abs ,23,1,,,,,
General Superfield Quantization Method. III. Construction of Quantization Scheme  , 0304142.abs ,3,1,,,,,
String Theory on Parallelizable PP-Waves  , 0304169.abs ,29,1,,,,,
How far are we from the quantum theory of gravity?  , 0303185.abs ,204,1,,,,,
Strings and Noncommutativity  , 0302122.abs ,6,1,,,,,
Unitary-Matrix Integration on 2D Yang-Mills Action  , 0303240.abs ,0,1,,,,,
Gravity induced over a smooth soliton  , 0301116.abs ,20,1,,,,,
Radiative corrections to the Casimir effect for the massive scalar field  , 0301238.abs ,15,1,,,,,
DV and WDVV  , 0301071.abs ,84,1,,,,,
Born-Infeld black hole in the isolated horizon framework  , 0301254.abs ,63,1,,,,,
Effective Superpotentials via Konishi Anomaly  , 0304119.abs ,43,1,,,,,
Thermal Correlators in Little String Theory  , 0301059.abs ,14,1,,,,,
Twisted Moduli Stabilization in Type I String Models  , 0304200.abs ,11,1,,,,,
More on core instabilities of magnetic monopoles  , 0304189.abs ,4,1,,,,,
The Effective Action and Geometry of Closed N=2 Strings  , 0304103.abs ,7,1,,,,,
Fermions scattering in a three dimensional extreme black hole background  , 0302035.abs ,27,1,,,,,
Domain Walls of D=8 Gauged Supergravities and their D=11 Origin  , 0303113.abs ,32,1,,,,,
Cubic curves from matrix models and generalized Konishi anomalies  , 0303268.abs ,31,1,,,,,
Lectures on Two-Dimensional Noncommutative Gauge Theory 1. Classical Aspects  , 0302195.abs ,6,1,,,,,
On Type II strings in exact superconformal non-constant RR backgrounds  , 0301089.abs ,19,1,,,,,
Gravity of superheavy higher-dimensional global defects  , 0304219.abs ,31,1,,,,,
Closed Strings as Imaginary D-branes  , 0304192.abs ,134,1,,,,,
On the Geometry of Matrix Models for N=1*  , 0304251.abs ,14,1,,,,,
Thoughts on Tachyon Cosmology  , 0301117.abs ,200,1,,,,,
Gravitational Topological Quantum Field Theory Versus N=2 D=8 Supergravity  , 0304221.abs ,12,1,,,,,
Penrose limits of Lie Branes and a Nappi--Witten braneworld  , 0303212.abs ,24,1,,,,,
K-Theory from a physical perspective  , 0304018.abs ,53,1,,,,,
Inflation from Tachyon Condensation Large N Effects  , 0304226.abs ,55,1,,,,,
On the low-energy limit of the QED N-photon amplitudes  , 0301022.abs ,29,1,,,,,
Backgrounds of 2D string theory from matrix model  , 0303190.abs ,15,1,,,,,
String bits in small radius AdS and weakly coupled N=4 Super Yang-Mills Theory: I  , 0304062.abs ,39,1,,,,,
Geometry and Topology of Relativistic Two-Particle Quantum Mixtures  , 0301205.abs ,1,1,,,,,
Evaluating the AdS dual of the critical O(N) vector model  , 0302063.abs ,68,1,,,,,
Classical paths in systems of fermions  , 0304078.abs ,4,1,,,,,
On hot bangs and the arrow of time in relativistic quantum field theory  , 0301115.abs ,29,1,,,,,
Anti-de Sitter branes with Neveu-Schwarz and Ramond-Ramond backgrounds  , 0301195.abs ,4,1,,,,,
Newton Law in Brane-World Scenario with 4d Induced Gravity: Singular Quantum Mechanical Approach  , 0304056.abs ,6,1,,,,,
The non-commutative and discrete spatial structure of a 3D Wigner quantum oscillator  , 0304136.abs ,27,1,,,,,
Late-time dynamics of brane gas cosmology  , 0304216.abs ,44,1,,,,,
Ring-shaped exact Hopf solitons  , 0302189.abs ,14,1,,,,,
Cosmological background torsion inhomogeneities and Lorentz violation in QED  , 0301210.abs ,0,1,,,,,
"On Hamiltonian formulations of the Schr\""{o}dinger system  ", 0301052.abs ,9,1,,,,,
Nonabelian Phenomena on D-branes  , 0303072.abs ,52,1,,,,,
Greybody factors at large imaginary frequencies  , 0304080.abs ,55,1,,,,,
A dual description of decoherence in de Sitter space  , 0301103.abs ,2,1,,,,,
Hidden Spacetime Symmetries and Generalized Holonomy in M-theory  , 0303140.abs ,98,1,,,,,
Duality between quark-quark and quark-antiquark pairing in 1+1 dimensional large N models  , 0303026.abs ,12,1,,,,,
The Effective Average Action Beyond First Order  , 0303070.abs ,5,1,,,,,
Non-Topological Inflation from Embedded Defects  , 0302160.abs ,15,1,,,,,
Note on Seiberg Duality in Matrix Model  , 0303144.abs ,9,1,,,,,
Holography of the N=1 Higher-Spin Theory on AdS4  , 0304217.abs ,106,1,,,,,
Tachyon Effective Actions In Open String Theory  , 0304045.abs ,199,1,,,,,
Finite Order BFFT Method  , 0301207.abs ,17,1,,,,,
Yukawa couplings in intersecting D-brane models  , 0302105.abs ,316,1,,,,,
Brane-Anti-Brane Solution and the SUSY Effective Potential in Five Dimensional Mirabelli-Peskin Model  , 0302029.abs ,4,1,,,,,
Reflection-Transmission Algebras  , 0303187.abs ,61,1,,,,,
Extra Gauge Symmetry for Extra Supersymmetry  , 0304151.abs ,16,1,,,,,
The fate of four dimensions  , 0303031.abs ,99,1,,,,,
Open Descendants of NAHE-based free fermionic and Type I Z2^n models  , 0302006.abs ,4,1,,,,,
Dilatonic tachyon in Kerr-de Sitter space  , 0303034.abs ,2,1,,,,,
Compact lattice U(1) and Seiberg-Witten duality  , 0301086.abs ,5,1,,,,,
On the invariant measure for the Yang-Mills configuration space in (3+1) dimensions  , 0302176.abs ,7,1,,,,,
Geometrical Renormalization Groups: Perfect Deconstruction Actions  , 0303267.abs ,8,1,,,,,
Thermodynamic and Gravitational Instability on Hyperbolic Spaces  , 0302132.abs ,109,1,,,,,
Holographic entropy bound in two-dimensional gravity  , 0304012.abs ,0,1,,,,,
Velocity of particles in Doubly Special Relativity  , 0304027.abs ,56,1,,,,,
Supersymmetric Godel Universes in String Theory  , 0301206.abs ,91,1,,,,,
The Proof that the Standard Transformations of E and B and the Maxwell Equations with E and B are not Relativistically Correct  , 0302188.abs ,1,1,,,,,
Technical Remarks and Comments on the UV/IR-Mixing Problem of a Noncommutative Scalar Quantum Field Theory  , 0302038.abs ,3,1,,,,,
Closed String Tachyons and Their Implications for Non-Supersymmetric Strings  , 0303076.abs ,17,1,,,,,
Near-Horizon States of Black Holes and Calogero Models  , 0304071.abs ,4,1,,,,,
Cosmology of Rolling Tachyon  , 0301142.abs ,28,1,,,,,
Entropy bounds for massive scalar field in positive curvature space  , 0302155.abs ,14,1,,,,,
Extended chiral algebras and the emergence of SU(2) quantum numbers in the Coulomb gas  , 0302075.abs ,7,1,,,,,
QFT holography near the horizon of Schwarzschild-like spacetimes  , 0304102.abs ,2,1,,,,,
Some Remarks on Gravity in Noncommutative Spacetime and a New Solution to the Structure Equations  , 0303128.abs ,2,1,,,,,
SYM Description of PP-wave String Interactions: Singlet Sector and Arbitrary Impurities  , 0301250.abs ,43,1,,,,,
Low energy dynamics of self-dual A_1 strings  , 0301220.abs ,1,1,,,,,
Massive scalar states localized on a de Sitter brane  , 0302069.abs ,35,1,,,,,
Solving matrix models using holomorphy  , 0303033.abs ,11,1,,,,,
All supersymmetric solutions of minimal gauged supergravity in five dimensions  , 0304064.abs ,184,1,,,,,
Dilaton coupled brane-world and field trapping  , 0304051.abs ,23,1,,,,,
Jost solutions and quantum conserved quantities of an integrable derivative nonlinear Schrodinger model  , 0304063.abs ,15,1,,,,,
Gauge Fixing and Scattering Amplitudes in String Field Theory around Universal Solutions  , 0304261.abs ,30,1,,,,,
Another Leigh-Strassler deformation through the Matrix model  , 0302077.abs ,6,1,,,,,
Interaction between vortices in models with two order parameters  , 0301188.abs ,14,1,,,,,
A Comment on the chi_y Genus and Supersymmetric Quantum Mechanics  , 0303018.abs ,6,1,,,,,
N=2 SYM Action as a BRST Exact Term Topological Yang Mills and Instantons  , 0304154.abs ,3,1,,,,,
The superstring Hagedorn temperature in a pp-wave background  , 0301186.abs ,35,1,,,,,
Supersymmetric and Kappa-invariant Coincident D0-Branes  , 0301065.abs ,19,1,,,,,
A note on the dyonic D6-brane  , 0302096.abs ,3,1,,,,,
Fermion Doubling and Berenstein--Maldacena--Nastase Correspondence  , 0302104.abs ,17,1,,,,,
D-branes in lens spaces  , 0303231.abs ,11,1,,,,,
Exceptional Projective Geometries and Internal Symmetries  , 0302079.abs ,34,1,,,,,
Problems on Foundations of General Relativity  , 0303258.abs ,4,1,,,,,
Summing Non-Borel Tunneling Amplitudes by Variational Perturbation Theory  , 0302124.abs ,6,1,,,,,
Test of asymptotic freedom and scaling hypothesis in the 2d O(3) sigma model  , 0304214.abs ,3,1,,,,,
Stability Issues for w < -1 Dark Energy  , 0302007.abs ,42,1,,,,,
How to generate families of spinors  , 0303224.abs ,54,1,,,,,
Anomalies in noncommutative gauge theories Seiberg-Witten transformation and Ramond-Ramond couplings  , 0301174.abs ,21,1,,,,,
"Cho and Pak reply to Lamm et al. comment on ""A Convergent Series for the QED Effective Action""  ", 0303040.abs ,10,1,,,,,
One-dimensional topologically nontrivial solutions in the Skyrme model  , 0304170.abs ,10,1,,,,,
Four Lectures On The Gauge/Gravity Correspondence  , 0303160.abs ,76,1,,,,,
Nonrelativistic Scattering Analysis of Charged Particle by a Magnetic Monopole in the Global Monopole Background  , 0301087.abs ,3,1,,,,,
Dual embedding of the Lorentz-violating electrodinamics and Batalin-Vilkovisky quantization  , 0304104.abs ,39,1,,,,,
D-branes B fields and Ext groups  , 0302099.abs ,29,1,,,,,
On Penrose limit of elliptic branes  , 0303042.abs ,1,1,,,,,
Calculations in the Light-Cone Representation  , 0303052.abs ,1,1,,,,,
Knotlike Cosmic Strings in The Early Universe  , 0304146.abs ,17,1,,,,,
Doubly Special Relativity with light-cone deformation  , 0302157.abs ,5,1,,,,,
Closed String Tachyons Non-Supersymmetric Orbifolds and Generalised McKay Correspondence  , 0301162.abs ,11,1,,,,,
Perturbative and non-perturbative aspects of pure N=1 super Yang-Mills theory from wrapped branes  , 0301171.abs ,10,1,,,,,
Boundaries defects and Frobenius algebras  , 0302200.abs ,19,1,,,,,
Shrinking D-Strings Expanding onto a Hypertube  , 0303248.abs ,1,1,,,,,
How far does the analogy between causal horizon-induced thermalization with the standard heat bath situation go?  , 0301082.abs ,1,1,,,,,
Non-commutative superspace from string theory  , 0302078.abs ,268,1,,,,,
Generalized pp-wave solutions on product of Ricci-flat spaces  , 0303050.abs ,1,1,,,,,
Inflation and Kahler Stabilization of the Dilaton  , 0302024.abs ,6,1,,,,,
Time Evolution via S-branes  , 0303172.abs ,36,1,,,,,
Tachyon condensation in open-closed p-adic string theory  , 0304213.abs ,63,1,,,,,
Hamilton-Jacobi quantization of a free particle on a $(n-1)$-sphere  , 0302112.abs ,10,1,,,,,
On the Initial Conditions for Brane Inflation  , 0302222.abs ,44,1,,,,,
On the Almost-zero-energy Eigenvalues of Some Broken Supersymmetric Systems  , 0301175.abs ,1,1,,,,,
Remark About dS/CFT Correspondence  , 0302008.abs ,4,1,,,,,
A comment on multiple vacua particle production and the time dependent AdS/CFT correspondence  , 0303157.abs ,7,1,,,,,
Cosmic Strings and Quintessence  , 0303021.abs ,2,1,,,,,
Closed Strings Tachyons and Non-Commutative Instabilities  , 0301099.abs ,39,1,,,,,
"Search for a ""Gravitoid"" Theory  ", 0302193.abs ,24,1,,,,,
Classical spinning particle assuming a covariant Hamiltonian  , 0303189.abs ,1,1,,,,,
A Note on Exotic Fractions of Supersymmetries  , 0303085.abs ,1,1,,,,,
Massless N=1 Super Sinh-Gordon: Form Factors approach  , 0304240.abs ,6,1,,,,,
Closed strings from decaying D-branes  , 0303139.abs ,334,1,,,,,
Light-Front Quantization of Gauge Theories  , 0304106.abs ,2,1,,,,,
Solvable models of strings in homogeneous plane wave backgrounds  , 0304198.abs ,75,1,,,,,
Nonperturbative renormalization group approach to the Ising model: a derivative expansion at order $\partial^4$  , 0302227.abs ,135,1,,,,,
Fermion determinant for general background gauge fields  , 0301097.abs ,13,1,,,,,
New classical brackets for dissipative systems  , 0303206.abs ,12,1,,,,,
Orientifolds and Mirror Symmetry  , 0303135.abs ,121,1,,,,,
Strings from Tachyons  , 0304224.abs ,266,1,,,,,
Unruh effect as particular Frenet-Serret vacuum radiation and detection proposals  , 0303257.abs ,1,1,,,,,
Causality and charged spin-2 fields in an electromagnetic background  , 0302225.abs ,2,1,,,,,
Mass Action and Entropy of Taub-Bolt-dS Spacetimes  , 0304097.abs ,23,1,,,,,
Heterotic string backgrounds and CP violation  , 0304212.abs ,20,1,,,,,
Finite Volume Chiral Partition Functions and the Replica Method  , 0301008.abs ,4,1,,,,,
Classes of exact wavefunctions for general time-dependent Dirac Hamiltonians in 1+1 dimensions  , 0304016.abs ,27,1,,,,,
Tachyon Kinks  , 0304180.abs ,47,1,,,,,
On the existence of spinning solitons in gauge field theory  , 0302032.abs ,20,1,,,,,
Probes in fluxbranes and supersymmetry breaking through Hodge-duality  , 0301184.abs ,1,1,,,,,
Challenges and Obstacles for a Bouncing Universe in Brane Models  , 0303073.abs ,48,1,,,,,
Affine Kac-Moody algebras CHL strings and the classification of tops  , 0303218.abs ,39,1,,,,,
Flux Tubes on Higgs Branches in SUSY Gauge Theories  , 0303047.abs ,19,1,,,,,
Complete BFT Embedding of Massive Theory with One- and Two-form Gauge Fields  , 0301096.abs ,5,1,,,,,
Holographic entropy bounds in the inflationary universe  , 0301073.abs ,5,1,,,,,
Lienard-Wiechert Potentials in Even Dimensions  , 0303078.abs ,6,1,,,,,
Discrete Torsion and Shift Orbifolds  , 0302152.abs ,8,1,,,,,
AdS and pp-wave D-particle superalgebras  , 0302027.abs ,6,1,,,,,
New formulae for solutions of quantum Knizhnik-Zamolodchikov equations on level -4  , 0304077.abs ,25,1,,,,,
Three-loop $\beta$-function for N=1 supersymmetric electrodynamics regularized by higher derivatives  , 0304083.abs ,54,1,,,,,
Vacuum Choices and the Predictions of Inflation  , 0303103.abs ,45,1,,,,,
A lecture on the Liouville vertex operators  , 0303150.abs ,112,1,,,,,
SL(2Z) tensionless string backgrounds in IIB string theory  , 0303225.abs ,2,1,,,,,
Intersection Rules for S-Branes  , 0301095.abs ,134,1,,,,,
Relativistic Wave Equation for Fields with Two Mass and Spin States  , 0304091.abs ,1,1,,,,,
Quiver Gauge Theory and Unification at About 4 TeV  , 0302057.abs ,0,1,,,,,
Peierls Brackets in Field Theory  , 0301113.abs ,13,1,,,,,
Cosmological perturbations and the transition from contraction to expansion  , 0301198.abs ,76,1,,,,,
Time-Dependent Warping Fluxes and NCYM  , 0302049.abs ,32,1,,,,,
Bulk quantum effects for de Sitter branes in AdS(5)  , 0302143.abs ,41,1,,,,,
Plane waves with weak singularities  , 0303013.abs ,18,1,,,,,
A Class of Renormalization Group Invariant Scalar Field Cosmologies  , 0303154.abs ,43,1,,,,,
Non-minimal Maxwell-Chern-Simons theory and the composite Fermion model  , 0302014.abs ,5,1,,,,,
Codimension Two Holography  , 0301123.abs ,10,1,,,,,
The BRST quantization and the no-ghost theorem for AdS_3  , 0304254.abs ,8,1,,,,,
Comments on M-theory on G_2 manifolds and (pq) webs  , 0303198.abs ,4,1,,,,,
Holography and the Deligne Conjecture  , 0302114.abs ,4,1,,,,,
Brane World Dynamics and Conformal Bulk Fields  , 0302030.abs ,20,1,,,,,
Tachyon condensation and `bounce' in the D1-D5 system  , 0304007.abs ,14,1,,,,,
Constraint Superalgebras and Their Application to Gauge Field Theories and String Theories  , 0302088.abs ,1,1,,,,,
Low-Energy Theorem Approach to One-Particle Singularity in QED{2+1}  , 0304021.abs ,2,1,,,,,
N=2 Supersymmetric SO(N)/Sp(N) Gauge Theories from Matrix Model  , 0301203.abs ,13,1,,,,,
Cosmological Scaling Solutions and Multiple Exponential Potentials  , 0304048.abs ,53,1,,,,,
Nontrivial RR two-form field strength and SU(3)-structure  , 0301063.abs ,48,1,,,,,
On geometric equations and duality for free higher spins  , 0301243.abs ,142,1,,,,,
Superfield formulation of N=4 Super Yang-Mills theory in plane wave background  , 0301009.abs ,3,1,,,,,
A New Class of Conformal Field Theories with Anomalous Dimensions  , 0302090.abs ,10,1,,,,,
A Variational Calculation of Positronium in QED  , 0303250.abs ,17,1,,,,,
Slavnov-Taylor Parameterization for the Quantum Restoration of BRST Symmetries in Anomaly-Free Gauge Theories  , 0301211.abs ,9,1,,,,,
Bosonic string theory in background fields by canonical methods  , 0304085.abs ,13,1,,,,,
A Representation of Symmetry Generators for the Type IIB Superstring on a Plane Wave in the U(4) Formalism  , 0303017.abs ,0,1,,,,,
Compactifications of Heterotic Theory on Non-Kahler Complex Manifolds: I  , 0301161.abs ,204,1,,,,,
Quantum Mechanics in Infinite Symplectic Volume  , 0304235.abs ,5,1,,,,,
Caustics in the Grassmann Integral  , 0301019.abs ,6,1,,,,,
Compactification topology change and surgery theory  , 0302072.abs ,7,1,,,,,
Relativistic Top Deviation Equation and Gravitational Waves  , 0303123.abs ,22,1,,,,,
Dimensionally reduced gravity theories are asymptotically safe  , 0304117.abs ,84,1,,,,,
Must a Hamiltonian be Hermitian?  , 0303005.abs ,291,1,,,,,
D-braneworld cosmology  , 0302223.abs ,16,1,,,,,
Nonperturbative Superpotentials and Compactification to Three Dimensions  , 0304061.abs ,35,1,,,,,
Spontaneous Symmetry Breaking for Massive Spin-2 Interacting with Gravity  , 0301014.abs ,30,1,,,,,
Higher Spins from Tensorial Charges and OSp(N|2n) Symmetry  , 0301067.abs ,64,1,,,,,
Confinement of neutral fermions by a pseudoscalar double-step potential in (1+1) dimensions  , 0301053.abs ,22,1,,,,,
Consistent reductions of IIB*/M* theory and de Sitter supergravity  , 0304253.abs ,20,1,,,,,
Renormalization of Yang-Mills fields in the light-front without non-local terms  , 0303129.abs ,1,1,,,,,
The one-loop vacuum energy and RG flow induced by double-trace operators in AdS/CFT and dS/CFT correspondence  , 0302054.abs ,16,1,,,,,
Small Instantons Little Strings and Free Fermions  , 0302191.abs ,176,1,,,,,
SD-brane gravity fields and rolling tachyons  , 0303035.abs ,111,1,,,,,
Towards the entropy of gravity time-dependent models via the Cardy-Verlinde formula  , 0304196.abs ,6,1,,,,,
On the AdS/CFT Dual of Deconstruction  , 0303081.abs ,3,1,,,,,
Lagrangian Aspects of Quantum Dynamics on a Noncommutative Space  , 0302167.abs ,5,1,,,,,
Spinors Inflation and Non-Singular Cyclic Cosmologies  , 0301129.abs ,131,1,,,,,
Universal random matrix correlations of ratios of characteristic polynomials at the spectral edges  , 0304095.abs ,29,1,,,,,
Non-Standard Intersections of S-Branes in D=11 Supergravity  , 0303232.abs ,20,1,,,,,
Conformal Invariance and Quantum Nature of Particles  , 0301208.abs ,0,1,,,,,
New Generalized Verma Modules and Multilinear Intertwining Differential Operators  , 0303179.abs ,6,1,,,,,
N=1 SUSY inspired Whitham prepotentials and WDVV  , 0301196.abs ,9,1,,,,,
Polarization-Free Quantum Fields and Interaction  , 0303062.abs ,49,1,,,,,
A note on accelerating cosmologies from compactifications and S-branes  , 0304124.abs ,119,1,,,,,
Modified Star-Products Beyond the Large-B Limit  , 0304059.abs ,3,1,,,,,
Asymptotic Safety of Gravity Coupled to Matter  , 0304222.abs ,204,1,,,,,
Strings in the Quantized pp-wave Backgrounds from Membrane  , 0301003.abs ,5,1,,,,,
Finite-Temperature Supersymmetry: The Wess-Zumino Model  , 0303260.abs ,23,1,,,,,
Constructing Gauge Theory Geometries from Matrix Models  , 0303032.abs ,40,1,,,,,
Dualisation of the General Scalar Coset in Supergravity Theories  , 0301236.abs ,21,1,,,,,
On semiclassical approximation and spinning string vertex operators in AdS_5 x S^5  , 0304139.abs ,85,1,,,,,
Stabilization of the Yang-Mills chaos in non-Abelian Born-Infeld theory  , 0301069.abs ,9,1,,,,,
Free Fields Dynamics in the Generalized AdS (Super)Space  , 0301054.abs ,47,1,,,,,
N=2 Supersymmetric Scalar-Tensor Couplings  , 0303048.abs ,51,1,,,,,
Target Space Approach to Closed String Tachyons  , 0302010.abs ,2,1,,,,,
One-dimensional Dirac oscillator in a thermal bath  , 0303142.abs ,57,1,,,,,
Fluxes in M-theory on 7-manifolds and G structures  , 0302047.abs ,54,1,,,,,
Ultraquantum Dynamics  , 0304031.abs ,19,1,,,,,
Unitarity in gauge symmetry breaking on orbifold  , 0302115.abs ,42,1,,,,,
Rolling down to D-brane and tachyon matter  , 0301179.abs ,32,1,,,,,
Noncommutative Solitons and D-branes  , 0303256.abs ,55,1,,,,,
Spin zero particle propagator from a random walk in 3-D space  , 0303028.abs ,1,1,,,,,
The Cardy-Verlinde formula and entropy of Topological Kerr-Newman black holes in de Sitter spaces  , 0304072.abs ,48,1,,,,,
Cardy-Verlinde Formula and Achucarro-Ortiz Black Hole  , 0304060.abs ,31,1,,,,,
An alternative formulation of light-cone string field theory on the plane wave  , 0304232.abs ,34,1,,,,,
Consistent interactions in a three-dimensional theory with tensor gauge fields of degrees two and three  , 0304121.abs ,3,1,,,,,
Worldsheet Description of Tachyon Condensation in Open String Theory  , 0302125.abs ,9,1,,,,,
CMB Power Spectrum from Noncommutative Spacetime  , 0304203.abs ,112,1,,,,,
Real-time D-brane condensation  , 0301101.abs ,40,1,,,,,
Yang's Quantized Space-time Algebra and Holographic Hypothesis  , 0303105.abs ,11,1,,,,,
Semiclassical String Solutions on deformed NS5-brane Backgrounds and New Plane wave  , 0302005.abs ,17,1,,,,,
On Higher Dimensional Fuzzy Spherical Branes  , 0301055.abs ,35,1,,,,,
Canonical quantization of a massive particle on $AdS_3$  , 0303228.abs ,2,1,,,,,
Chiral four-dimensional string compactifications with intersecting D-branes  , 0301032.abs ,177,1,,,,,
Accelerating Cosmologies from S-Branes  , 0303238.abs ,211,1,,,,,
Consistent noncommutative quantum gauge theories?  , 0304141.abs ,27,1,,,,,
The Dirichlet Obstruction in AdS/CFT  , 0303164.abs ,6,1,,,,,
q-Deformed Kink Solutions  , 0301114.abs ,3,1,,,,,
Finite Temperature Systems of Brane-Antibrane on a Torus  , 0303236.abs ,12,1,,,,,
Perturbation theory including topological degrees of freedom: Yang-Mills theory in three Euclidean dimensions  , 0304140.abs ,2,1,,,,,
Construction of nonsingular cosmological solutions in string theories  , 0302181.abs ,33,1,,,,,
Thermodynamic Bethe Ansatz for the Spin-1/2 Staggered XXZ- Model  , 0302185.abs ,6,1,,,,,
Self-dual quaternionic lumps in octonionic space-time  , 0304244.abs ,0,1,,,,,
Instantons in Four-Fermi Term Broken SUSY with General Potential  , 0304024.abs ,0,1,,,,,
Open Wilson Lines and Group Theory of Noncommutative Yang-Mills Theory in Two Dimensions  , 0302162.abs ,27,1,,,,,
The NS five-brane partition sum  , 0302066.abs ,2,1,,,,,
On Curvature-Squared Corrections for D-brane Actions  , 0301029.abs ,10,1,,,,,
Vacuum Condensates of Dimension Two in Pure Euclidean Yang-Mills  , 0304249.abs ,13,1,,,,,
Closed String Tachyon Condensation and Worldsheet Inflation  , 0303087.abs ,45,1,,,,,
On the Background Field Method Beyond One Loop: A manifestly covariant derivative expansion in super Yang-Mills theories  , 0302205.abs ,52,1,,,,,
Gravitational Radiation from Travelling Waves on D-Strings  , 0304173.abs ,10,1,,,,,
Unification of Non-Abelian SU(N) Gauge Theory and Gravitational Gauge Theory  , 0302009.abs ,23,1,,,,,
Supersymmetric M-theory compactifications with fluxes on seven-manifolds and G-structures  , 0303127.abs ,78,1,,,,,
Exact Solution of Noncommutative Field Theory in Background Magnetic Fields  , 0303082.abs ,59,1,,,,,
Dynamical Supersymmetry Breaking in Standard-like Models with Intersecting D6-branes  , 0303208.abs ,64,1,,,,,
Rolling of Modulated Tachyon with Gauge Flux and Emergent Fundamental String  , 0303133.abs ,58,1,,,,,
Vortices in the Landau--Ginzburg Model of the Quantized Hall Effect  , 0303100.abs ,4,1,,,,,
Gap Condition and Self-Dualized ${\cal N}=4$ Super Yang-Mills Theory for ADE Gauge Group on K3  , 0303181.abs ,3,1,,,,,
Chiral Ring Of Sp(N) And SO(N) Supersymmetric Gauge Theory In Four Dimensions  , 0302194.abs ,30,1,,,,,
An example of localized D-branes solution on PP-wave backgrounds  , 0301253.abs ,19,1,,,,,
Direct Calculation of the Critical Effective Potential  , 0303261.abs ,0,1,,,,,
Massive Feynman diagrams and inverse binomial sums  , 0303162.abs ,176,1,,,,,
Supersymmetric Quantum Mechanics under Point Singularities  , 0302089.abs ,20,1,,,,,
Quantum Extended Supersymmetries  , 0303176.abs ,3,1,,,,,
Classical stability of stringy wormholes in flat and AdS spaces  , 0301191.abs ,5,1,,,,,
Spherically Symmetric Thick Branes in Vacuum  , 0301228.abs ,6,1,,,,,
What is Holography in the Plane-Wave Limit of AdS/CFT Correspondence ?  , 0304183.abs ,29,1,,,,,
The Taming of Closed Time-like Curves  , 0304241.abs ,35,1,,,,,
Nonsingular Cosmologies from Branes  , 0301144.abs ,23,1,,,,,
Multi-spin string solutions in AdS_5 x S^5  , 0304255.abs ,419,1,,,,,
Black Holes and Black Strings on Cylinders  , 0301020.abs ,15,1,,,,,
Anomaly in conformal quantum mechanics: From molecular physics to black holes  , 0303166.abs ,65,1,,,,,
A Microscopical Description of Giant Gravitons II: The AdS_5 x S^5 Background  , 0303183.abs ,33,1,,,,,
General Superfield Quantization Method. II. General Superfield Theory of Fields: Hamiltonian Formalism  , 0303262.abs ,3,1,,,,,
On Problems of the Lagrangian Quantization of W3-gravity  , 0301060.abs ,1,1,,,,,
TBA equations for excited states in the Sine-Gordon model  , 0304260.abs ,24,1,,,,,
Quantum aspects of Seiberg-Witten map in noncommutative Chern-Simons theory  , 0301133.abs ,19,1,,,,,
Twisted Alice Loops as Monopoles  , 0304162.abs ,3,1,,,,,
Exact Solutions in SFT and Marginal Deformation in BCFT  , 0303199.abs ,26,1,,,,,
Conformal Symmetry of Relativistic and Nonrelativistic Systems and AdS/CFT Correspondence  , 0301244.abs ,80,1,,,,,
Is there the radion in the RS2 model ?  , 0302041.abs ,9,1,,,,,
Compactifications of the N=2^* flow  , 0302107.abs ,12,1,,,,,
N=4 Characters in Gepner Models Orbits and Elliptic Genera  , 0304113.abs ,1,1,,,,,
Anomalies in M-theory on singular G_2-manifolds  , 0303243.abs ,14,1,,,,,
Fermion Casimir energy for a de Sitter brane in AdS(5)  , 0303003.abs ,3,1,,,,,
Feasibility of finite renormalization of particle mass in quantum electrodynamics  , 0301245.abs ,1,1,,,,,
Noncommutative Self-dual Gravity  , 0302180.abs ,81,1,,,,,
Weak decay of swirling protons and other processes  , 0301141.abs ,0,1,,,,,
On the existence of finite-energy classical glueballs in gauge theories with sources  , 0303195.abs ,4,1,,,,,
Charge density and electric charge in quantum electrodynamics  , 0301111.abs ,15,1,,,,,
QED from six-dimensional vortex and gauge anomalies  , 0303247.abs ,41,1,,,,,
Z_n-Graded Topological Generalizations of Supersymmetry and Orthofermion Algebra  , 0303094.abs ,0,1,,,,,
Exact Results in Non-Supersymmetric Large N Orientifold Field Theories  , 0302163.abs ,212,1,,,,,
No absorption in de Sitter space  , 0302148.abs ,9,1,,,,,
Boundary charges in gauge theories: using Stokes theorem in the bulk  , 0301039.abs ,85,1,,,,,
Constructing Gravitational Dimensions  , 0303114.abs ,66,1,,,,,
Odd coset quantum mechanics  , 0301241.abs ,10,1,,,,,
A Supersymmetric and Smooth Compactification of M-theory to AdS(5)  , 0303211.abs ,30,1,,,,,
Discrete Gravitational Dimensions  , 0302110.abs ,65,1,,,,,
Paul Dirac and the Pervasiveness of His Thinking  , 0304133.abs ,1,1,,,,,
Noncommutative probability matrix models and quantum orbifold spacetimes  , 0303086.abs ,1,1,,,,,
Time Evolution in Superstring Field Theory on non-BPS brane.I. Rolling Tachyon and Energy-Momentum Conservation  , 0301137.abs ,155,1,,,,,
Energy Density of Vortices in the Schroedinger Picture  , 0301252.abs ,10,1,,,,,
Comments on BPS Bound State Decay  , 0303200.abs ,0,1,,,,,
Towards a Stringy Resolution of the Cosmological Singularity  , 0304168.abs ,18,1,,,,,
Difference between AdS and dS spaces: wave equation approach  , 0304231.abs ,14,1,,,,,
Noncommutative U(1) Instantons in Eight Dimensional Yang-Mills Theory  , 0301176.abs ,9,1,,,,,
Zero-norm States and Reduction of Stringy Scattering Amplitudes  , 0302123.abs ,18,1,,,,,
Twisted Backgrounds PP-Waves and Nonlocal Field Theories  , 0301080.abs ,70,1,,,,,
Supersymmetric $G^3$ Unification from Intersecting D6-Branes on Type IIA Orientifolds  , 0304258.abs ,16,1,,,,,
Evolution in Quantum Causal Histories  , 0302111.abs ,53,1,,,,,
Construction of bosonic string theory on infinitely curved Anti-de Sitter space  , 0304107.abs ,32,1,,,,,
Energy-Charge Dependence for Q-Balls  , 0302013.abs ,10,1,,,,,
"Comment on ""Global monopole in Asymptotically dS/ AdS Spacetime""  ", 0304026.abs ,13,1,,,,,
Brane inflation and reheating  , 0301138.abs ,56,1,,,,,
On N=1 gauge models from geometric engineering in M-theory  , 0304019.abs ,10,1,,,,,
Holomorphic matrix models  , 0303008.abs ,61,1,,,,,
Moduli stabilization in higher dimensional brane models  , 0302017.abs ,63,1,,,,,
The uses of Connes and Kreimer's algebraic formulation of renormalization theory  , 0301015.abs ,9,1,,,,,
Acausality of Massive Charged Spin 2 Fields  , 0304050.abs ,6,1,,,,,
Compactification with Flux on K3 and Tori  , 0301139.abs ,148,1,,,,,
Duality for symmetric second rank tensors. II. The linearized gravitational field  , 0304228.abs ,52,1,,,,,
Softer Hard Scattering and Noncommutative Gauge-String Duality  , 0303235.abs ,5,1,,,,,
A determination of <A^2> and the non-perturbative vacuum energy of Yang-Mills theory in the Landau gauge  , 0302128.abs ,61,1,,,,,
Noncommutativity Gravity  , 0301112.abs ,20,1,,,,,
Excited TBA Equations II: Massless Flow from Tricritical to Critical Ising Model  , 0302093.abs ,18,1,,,,,
Supersymmetry on AdS3 and AdS4  , 0301225.abs ,6,1,,,,,
Wigner's little group and Berry's phase for massless particles  , 0304017.abs ,37,1,,,,,
On the Classical Stability of Orientifold Cosmologies  , 0302137.abs ,46,1,,,,,
The String Light Cone in the pp-wave Background  , 0304191.abs ,7,1,,,,,
Color Reflection Invariance and Monopole Condensation in QCD  , 0301013.abs ,12,1,,,,,
Supertubes in reduced holonomy manifolds  , 0304210.abs ,9,1,,,,,
Domain walls between gauge theories  , 0303233.abs ,1,1,,,,,
Positronium in intense laser fields  , 0303188.abs ,44,1,,,,,
Complex Multiplication Symmetry of Black Hole Attractors  , 0303111.abs ,8,1,,,,,
Massive Gravitino Propagator in Maximally Symmetric Spaces and Fermions in dS/CFT  , 0302087.abs ,14,1,,,,,
Tadpoles and Closed String Backgrounds in Open String Field Theory  , 0304259.abs ,23,1,,,,,
An Introduction to the Covariant Quantization of Superstrings  , 0302147.abs ,48,1,,,,,
On type II superstrings in bosonic backgrounds: the role of fermions and T-duality  , 0303102.abs ,15,1,,,,,
The Kepler problem and non commutativity  , 0303064.abs ,60,1,,,,,
Deconstruction Lattice Supersymmetry Anomalies and Branes  , 0301048.abs ,39,1,,,,,
Lectures on Two-Dimensional Noncommutative Gauge Theory 2: Quantization  , 0304268.abs ,17,1,,,,,
Composite Operators Supersymmetry Anomalies and Supersymmetry Breaking in the Wess-Zumino Model  , 0303145.abs ,1,1,,,,,
Effective Actions near Singularities  , 0301125.abs ,21,1,,,,,
Quantum effects in five-dimensional brane-world: creation of deSitter branes and particles and stabilization of induced cosmological constant  , 0303011.abs ,34,1,,,,,
Cosmological Aspects of Rolling Tachyon  , 0301140.abs ,56,1,,,,,
Nonlinear Equations for Symmetric Massless Higher Spin Fields in $(A)dS_d$  , 0304049.abs ,410,1,,,,,
The Fuzzy Ginsparg-Wilson Algebra: A Solution of the Fermion Doubling Problem  , 0301242.abs ,73,1,,,,,
Anomaly Fluxes and (20) Heterotic-String Compactifications  , 0304126.abs ,37,1,,,,,
World-sheet Stability of (02) Linear Sigma Models  , 0303066.abs ,58,1,,,,,
Octonions and M-theory  , 0301037.abs ,18,1,,,,,
Tachyon kinks on non BPS D-branes  , 0304197.abs ,56,1,,,,,
Scalar Field Corrections to AdS_4 Gravity from Higher Spin Gauge Theory  , 0303202.abs ,27,1,,,,,
Current-Current Deformations of Conformal Field Theories and WZW Models  , 0304234.abs ,39,1,,,,,
Quantum deSitter cosmology and phantom matter  , 0303117.abs ,720,1,,,,,
Null-Brane Solutions in Supergravities  , 0302140.abs ,16,1,,,,,
Dynkin diagram strategy for orbifolding with Wilson lines  , 0304243.abs ,33,1,,,,,
The Glueball Superpotential  , 0304271.abs ,60,1,,,,,
Quantisation of Gauged SL(2R) WZNW Theories  , 0303132.abs ,2,1,,,,,
Supercoset CFT's for String Theories on Non-compact Special Holonomy Manifolds  , 0301164.abs ,16,1,,,,,
Casimir Effect in $\kappa$-deformed Theory  , 0304201.abs ,6,1,,,,,
Localized tadpoles of anomalous heterotic U(1)'s  , 0303101.abs ,26,1,,,,,
Brane running and AdS/CFT  , 0304014.abs ,6,1,,,,,
A note and a new perspective on particle horizon problem  , 0302161.abs ,0,1,,,,,
Rolling Tachyon with Electric and Magnetic Fields -- T-duality approach --  , 0301049.abs ,89,1,,,,,
Phantom Matter and the Cosmological Constant  , 0302199.abs ,215,1,,,,,
Steep Inflation followed by Born-Infeld Reheating  , 0304187.abs ,61,1,,,,,
Fused integrable lattice models with quantum impurities and open boundaries  , 0303205.abs ,29,1,,,,,
M/String Theory S-branes and Accelerating Universe  , 0304225.abs ,65,1,,,,,
The Symmetry of M-Theories  , 0304206.abs ,109,1,,,,,
Residues and World-Sheet Instantons  , 0304115.abs ,103,1,,,,,
Matrix Model Description of Baryonic Deformations  , 0303115.abs ,23,1,,,,,
Torsion and nonmetricity in the stringy geometry  , 0304086.abs ,10,1,,,,,
Schwinger Pair Production in Electric and Magnetic Fields  , 0301132.abs ,100,1,,,,,
Modified triplectic quantization in general coordinates  , 0304011.abs ,17,1,,,,,
Gauge theory solitons on noncommutative cylinder  , 0301047.abs ,6,1,,,,,
Causality and the Skyrme Model  , 0302149.abs ,14,1,,,,,
Quantum Corrections on Fuzzy Sphere  , 0303120.abs ,56,1,,,,,
Quantum Projectors and Local Operators in Lattice Integrable Models  , 0304205.abs ,14,1,,,,,
Large-N Collective Fields and Holography  , 0304093.abs ,94,1,,,,,
Radiative corrections to the Chern-Simons term at finite temperature in the noncommutative Chern-Simons-Higgs model  , 0301124.abs ,5,1,,,,,
Explicit Supersymmetry Breaking on Boundaries of Warped Extra Dimensions  , 0302192.abs ,37,1,,,,,
Wrapped Branes and Compact Extra Dimensions in Cosmology  , 0301031.abs ,44,1,,,,,
The Decay of Unstable Noncommutative Solitons  , 0301119.abs ,9,1,,,,,
Cosmology and Brane Worlds: A Review  , 0303095.abs ,316,1,,,,,
Charge instabilities due to local charge conjugation symmetry in (2+1)-dimensions  , 0304186.abs ,3,1,,,,,
Perturbative Evaluation of Interacting Scalar Fields on a Curved Manifold with Boundary  , 0304041.abs ,4,1,,,,,
Dirac's Footsteps and Supersymmetry  , 0304265.abs ,1,1,,,,,
Gauge fields-strings duality and tensionless superstrings  , 0304160.abs ,5,1,,,,,
E11 as E10 representation at low levels  , 0304246.abs ,17,1,,,,,
Recent progresses on Liouville Field Theory  , 0301193.abs ,16,1,,,,,
Particle production related to the tunneling in false vacuum decay  , 0302062.abs ,3,1,,,,,
Dynamics in a noncommutative space  , 0302224.abs ,12,1,,,,,
Kaigorodov spaces and their Penrose limits  , 0302073.abs ,14,1,,,,,
Semiclassical quantization of Rotating Strings in Pilch-Warner geometry  , 0304035.abs ,24,1,,,,,
Defect Conformal Field Theory and Locally Localized Gravity  , 0303249.abs ,50,1,,,,,
Quantum Theory of Noncommutative Fields  , 0301248.abs ,92,1,,,,,
Brane-Bulk Interaction and Holographic Principle  , 0304033.abs ,16,1,,,,,
On alpha'-corrections to D-brane solutions  , 0302136.abs ,31,1,,,,,
Bootstrap equations in effective theories  , 0303242.abs ,6,1,,,,,
A gauge invariant and string independent fermion correlator in the Schwinger model  , 0301197.abs ,3,1,,,,,
Rotating and Orbiting Strings in the Near-Horizon Brane Backgrounds  , 0303237.abs ,14,1,,,,,
Conformal Field Theory Couplings for Intersecting D-branes on Orientifolds  , 0303083.abs ,205,1,,,,,
A Dilatonic Deformation of AdS_5 and its Field Theory Dual  , 0304129.abs ,132,1,,,,,
AdS/CFT correspondence quasinormal modes and thermal correlators in N=4 SYM  , 0302026.abs ,150,1,,,,,
Analytic Study of Nonperturbative Solutions in Open String Field Theory  , 0302151.abs ,23,1,,,,,
Topics in String Field Theory  , 0304270.abs ,49,1,,,,,
Five-Dimensional Gauge Theories and Quantum Mechanical Matrix Models  , 0302165.abs ,18,1,,,,,
Sidestepping the Cosmological Constant with Football-Shaped Extra Dimensions  , 0302067.abs ,204,1,,,,,
Decay Modes of Intersecting Fluxbranes  , 0302206.abs ,4,1,,,,,
Revised Phase Diagram of the Gross-Neveu Model  , 0302092.abs ,53,1,,,,,
The `BRST-invariant' Condensate of Dimension Two in QCD  , 0302015.abs ,20,1,,,,,
Newton's law in de Sitter brane  , 0303068.abs ,16,1,,,,,
Gauging internal fermionic symmetries and spin 3/2 fields  , 0304218.abs ,3,1,,,,,
Fermions T-duality and effective actions for D-branes in bosonic backgrounds  , 0303209.abs ,64,1,,,,,
Coleman's theorem on physical assumptions for no Goldstone bosons in two dimensions  , 0303118.abs ,1,1,,,,,
Two-Graviton Interaction in PP-Wave Background in Matrix Theory and Supergravity  , 0301246.abs ,8,1,,,,,
Constant magnetic field and 2d non-commutative inverted oscillator  , 0301227.abs ,14,1,,,,,
BRST-anti-BRST Symmetric Conversion of Second-Class Constraints  , 0301085.abs ,1,1,,,,,
Intersecting branes from 7-manifolds with G_2 holonomy  , 0301098.abs ,3,1,,,,,
On the Time Dependent Oscillator and the Nonlinear Realizations of the Virasoro Group  , 0303134.abs ,7,1,,,,,
"Asymptotic quasinormal modes of Reissner-Nordstr\""om and Kerr black holes  ", 0303029.abs ,104,1,,,,,
BRST Quantization of Noncommutative Gauge Theories  , 0302179.abs ,18,1,,,,,
Toward the construction of a C^* algebra in string field theory  , 0302177.abs ,2,1,,,,,
Superstrings and D-branes in Plane Wave  , 0302060.abs ,20,1,,,,,
Manifestation of additional dimensions of space-time in mesoscopic systems  , 0302040.abs ,9,1,,,,,
Deformation Quantization: Observable Algebras States and Representation Theory  , 0303080.abs ,6,1,,,,,
On the Possibility of Large Axion Decay Constants  , 0303252.abs ,225,1,,,,,
Higher gauge theory and a non-Abelian generalization of 2-form electrodynamics  , 0304074.abs ,43,1,,,,,
Effective Lagrangian for 3d N=4 SYM theories for any gauge group and monopole moduli spaces  , 0301230.abs ,2,1,,,,,
Twisted boundary states in c=1 coset conformal field theories  , 0301040.abs ,13,1,,,,,
Chiral Rings and Phases of Supersymmetric Gauge Theories  , 0303207.abs ,147,1,,,,,
Theory of Membrane in Heegaard Diagram Expansion  , 0304164.abs ,2,1,,,,,
N=1 Super QCD and Fractional Branes  , 0304156.abs ,0,1,,,,,
Large-N limit of non-local 2D generalized Yang-Mills theories on non-orientable surface  , 0304068.abs ,0,1,,,,,
Advances in String Theory in Curved Backgrounds: A Synthesis Report  , 0302228.abs ,6,1,,,,,
Massive IIA String Theory and Matrix Theory Compactification  , 0303173.abs ,57,1,,,,,
Chiral Rings Superpotentials and the Vacuum Structure of N=1 Supersymmetric Gauge Theories  , 0303001.abs ,52,1,,,,,
"Reply on Comment on ""Gravitating Magnetic Monopole in the Global Monopole Spacetime""  ", 0304029.abs ,5,1,,,,,
A geometry for the electroweak field  , 0302048.abs ,0,1,,,,,
Of Bounces Branes and Bounds  , 0301010.abs ,12,1,,,,,
Projective Quantum Mechanics  , 0304175.abs ,9,1,,,,,
On (Orientifold of) type IIA on a Compact Calabi-Yau  , 0304209.abs ,9,1,,,,,
Meson Spectroscopy in AdS/CFT with Flavour  , 0304032.abs ,488,1,,,,,
Implications of Analyticity to Mass Gap Color Confinement and Infrared Fixed Point in Yang--Mills theory  , 0303251.abs ,38,1,,,,,
Accelerating Cosmologies from Compactification  , 0303097.abs ,256,1,,,,,
Cosmological Perturbations from a New-Physics Hypersurface  , 0302184.abs ,77,1,,,,,
Bulk fields with general brane kinetic terms  , 0302023.abs ,113,1,,,,,
Star Products Made Easy  , 0304158.abs ,9,1,,,,,
The Dilatation Operator of Conformal N=4 Super Yang-Mills Theory  , 0303060.abs ,746,1,,,,,
Supersymmetry breaking and 4 dimensional string models  , 0302209.abs ,1,1,,,,,
Symmetries of the Dirac operators associated with covariantly constant Killing-Yano tensors  , 0301108.abs ,16,1,,,,,
Higher Rank Conformal Fields in the Sp(2M) Symmetric Generalized Space-Time  , 0304020.abs ,48,1,,,,,
Comment on Geometric Interpretation of Ito Calculus on the Lattice  , 0303004.abs ,3,1,,,,,
Seiberg-Witten type monopole equations on 8-manifolds with Spin(7) holonomy as minimizers of a quadratic action  , 0303098.abs ,3,1,,,,,
A Torsion Correction to the RR 4-Form Fieldstrength  , 0304098.abs ,2,1,,,,,
Quantum invariance group of bosons and fermions  , 0304185.abs ,1,1,,,,,
Cosmology of codimension-two braneworlds  , 0304147.abs ,160,1,,,,,
Holographic Weyl Entropy Bounds  , 0301130.abs ,3,1,,,,,
Pascual Jordan Glory and Demise and his legacy in contemporary local quantum physics  , 0303241.abs ,2,1,,,,,
de Sitter Black Holes with Either of the Two Horizons as a Boundary  , 0302204.abs ,47,1,,,,,
Quantum Energy of Fuzzy Sphere: Gaussian Variational Method  , 0303196.abs ,3,1,,,,,
Quantizing Dirac and Nambu Brackets  , 0303088.abs ,16,1,,,,,
Quantum parameter space in super Yang-Mills II  , 0301157.abs ,46,1,,,,,
Doubly Special Relativity and de Sitter space  , 0304101.abs ,132,1,,,,,
String Theoretic Bounds on Lorentz-Violating Warped Compactification  , 0301189.abs ,42,1,,,,,
Organizing boundary RG flows  , 0301229.abs ,40,1,,,,,
Lie algebras Fuchsian differential equations and CFT correlation functions  , 0301181.abs ,0,1,,,,,
Horizon Branes and Chiral Strings  , 0303219.abs ,0,1,,,,,
The Seiberg-Witten Map for a Time-dependent Background  , 0304030.abs ,17,1,,,,,
Properties Of Heterotic Vacua From Superpotentials  , 0304001.abs ,122,1,,,,,
Arbitrary Spin Representations in de Sitter from dS/CFT with Applications to dS Supergravity  , 0301068.abs ,69,1,,,,,
BRST-Invariant Constraint Algebra in Terms of Commutators and Quantum Antibrackets  , 0301043.abs ,6,1,,,,,
Form-field Gauge Symmetry in M-theory  , 0302164.abs ,0,1,,,,,
Nonlocal action for long-distance modifications of gravity theory  , 0304229.abs ,85,1,,,,,
Lectures on D-branes tachyon condensation and string field theory  , 0301094.abs ,91,1,,,,,
Nonuniform symmetry breaking in noncommutative $\lambda \Phi^4$ theory  , 0303030.abs ,47,1,,,,,
Beta Functions in the Integral Equation Approach to the Exact Renormalization Group  , 0302044.abs ,4,1,,,,,
The C-Deformation of Gluino and Non-planar Diagrams  , 0302109.abs ,256,1,,,,,
Nonperturbative low-energy effective action of the universal hypermultiplet  , 0301074.abs ,2,1,,,,,
Effective Superpotentials for SO/Sp with Flavor from Matrix Models  , 0301226.abs ,24,1,,,,,
Relativistic center-vortex dynamics of a confining area law  , 0304182.abs ,9,1,,,,,
Geometric Second Order Field Equations for General Tensor Gauge Fields  , 0303036.abs ,81,1,,,,,
Interpolating from AdS_(D-2) X S^2 to AdS_D  , 0304022.abs ,44,1,,,,,
Cosmic Attractors and Gauge Hierarchy  , 0304043.abs ,44,1,,,,,
Holography and trace anomaly: what is the fate of (brane-world) black holes?  , 0302171.abs ,22,1,,,,,
Hamiltonian Algebroids and deformations of complex structures on Riemann curves  , 0301078.abs ,2,1,,,,,
That's a wrap!  , 0302071.abs ,19,1,,,,,
Exceptional Groups and Physics  , 0301050.abs ,26,1,,,,,
BMN operators with three scalar impurites and the vertex--correlator duality in pp-wave  , 0302064.abs ,21,1,,,,,
Oscillator Realization of Higher-U(mn)-Spin Algebras of W(infinity)-type and Quantized Simplectic Diffeomorphisms  , 0301200.abs ,8,1,,,,,
Gauge invariant reduction to the light-front  , 0303038.abs ,12,1,,,,,
Proper fluctuations associated with quantum tunneling in field theory  , 0302095.abs ,2,1,,,,,
SLE martingales and the Virasoro algebra  , 0301064.abs ,68,1,,,,,
Noncommutative perturbative quantum field theory: Wilson loop in two-dimensional Yang-Mills and unitarity from string theory  , 0301091.abs ,14,1,,,,,
Black Hole Entropy from a Highly Excited Elementary String  , 0302170.abs ,10,1,,,,,
On conserved operator quantities in quantum field theory  , 0301134.abs ,0,1,,,,,
More on the gauge-fixed D3-brane action with dilaton-axion coupling from N=1 superspace  , 0304002.abs ,1,1,,,,,
Mixed Correlation Functions of the Two-Matrix Model  , 0303161.abs ,19,1,,,,,
Casimir Effect Achucarro-Ortiz Black Hole and the Cosmological Constant  , 0301149.abs ,13,1,,,,,
Negative Energy Density in Calabi-Yau Compactifications  , 0304199.abs ,38,1,,,,,
Functional approach to coherent states in non commutative theories  , 0304039.abs ,0,1,,,,,
Casimir effect in Domain Wall formation  , 0301202.abs ,6,1,,,,,
Black Holes in a Compactified Spacetime  , 0302085.abs ,34,1,,,,,
Fermion Propagators in Type II Fivebrane Backgrounds  , 0304110.abs ,1,1,,,,,
Closed Bosonic String Partition Function in Time Independent Exact PP-Wave Background  , 0303043.abs ,2,1,,,,,
A holographic reduction of Minkowski space-time  , 0303006.abs ,71,1,,,,,
Electric/magnetic flux tube on the background of magnetic/electric field  , 0302215.abs ,4,1,,,,,
Fractional spin through quantum affine algebras  , 0303215.abs ,5,1,,,,,
A note on the triviality of kappa-deformations of gravity  , 0301061.abs ,38,1,,,,,
Applications of quantum integrable systems  , 0301102.abs ,5,1,,,,,
String theory and the mapping of gravity into gauge theory  , 0302131.abs ,32,1,,,,,
Higher-Spin Theories and $Sp(2M)$ Invariant Space--Time  , 0301235.abs ,28,1,,,,,
Timelike Boundary Liouville Theory  , 0301038.abs ,156,1,,,,,
On Abelian Multi-Chern-Simons Field Theories  , 0302018.abs ,3,1,,,,,
Classification of 't Hooft instantons over multi-centered gravitational instantons  , 0303146.abs ,6,1,,,,,
On Duality Walls in String Theory  , 0301231.abs ,31,1,,,,,
Symmetries within domain walls  , 0303137.abs ,9,1,,,,,
On the Lorentz Transformations of Momentum and Energy  , 0301153.abs ,22,1,,,,,
Evaporating Black Holes and Long Range Scaling  , 0302178.abs ,1,1,,,,,
"Euclidean super Yang-Mills theory on a quaternionic K""ahler manifold  ", 0304096.abs ,0,1,,,,,
New BPS Solitons in 2+1 Dimensional Noncommutative CP^1 Model  , 0303090.abs ,17,1,,,,,
The Relativistic Dirac-Morse Problem via SUSY QM  , 0301199.abs ,1,1,,,,,
Quantum corrections to the mass of the supersymmetric vortex  , 0304267.abs ,37,1,,,,,
Wess-Zumino Term in Tachyon Effective Action  , 0304108.abs ,41,1,,,,,
3D N=2 massive super Yang-Mills and membranes/D2-branes in a curved background  , 0301090.abs ,14,1,,,,,
On k-String Tensions and Domain Walls in N=1 Gluodynamics  , 0304127.abs ,49,1,,,,,
Spectral flow of the Dirac spectrum in intersecting vortices  , 0302100.abs ,8,1,,,,,
A Note on Acceleration from Product Space Compactification  , 0304177.abs ,76,1,,,,,
Variational Perturbation Theory for Summing Divergent Non-Borel-Summable Tunneling Amplitudes  , 0303163.abs ,0,1,,,,,
Free Field Construction of D-branes in N=2 Superconformal Minimal Models  , 0301070.abs ,8,1,,,,,
The Sound of M-Theory  , 0302086.abs ,67,1,,,,,
Parafermionic theory with the symmetry Z_N for N odd  , 0303126.abs ,25,1,,,,,
Accelerating Cosmologies and a Phase Transition in M-Theory  , 0304089.abs ,86,1,,,,,
Conformal Dimensions of Two-Derivative BMN Operators  , 0301150.abs ,28,1,,,,,
D-brane realizations of runaway behavior and moduli stabilization  , 0303230.abs ,14,1,,,,,
Higher order terms in the contraction of SO(32)  , 0304137.abs ,4,1,,,,,
Unitarity Bound of the Wave Function Renormalization Constant  , 0304047.abs ,8,1,,,,,
N=2 boundary supersymmetry in integrable models and perturbed boundary conformal field theory  , 0304120.abs ,13,1,,,,,
Notes on the Construction of the D2-brane from Multiple D0-branes  , 0302190.abs ,14,1,,,,,
Breakdown of the Mechanism of Forming Wakes by a Current-Carrying String  , 0304242.abs ,9,1,,,,,
The Quark-Meson Model and the Phase Diagram of Two-Flavour QCD  , 0303244.abs ,19,1,,,,,
An O(N) symmetric extension of the Sine-Gordon Equation  , 0304112.abs ,11,1,,,,,
A space-time approach to multigluon computations in QCD: An application to effective action terms  , 0301214.abs ,5,1,,,,,
On the infrared behaviour of Gluons and Ghosts in Ghost-Antighost symmetric gauges  , 0304134.abs ,49,1,,,,,
Physical wavelets: Lorentz covariant singularity-free finite energy zero action localized solutions to the wave equation  , 0304081.abs ,5,1,,,,,
Hydrodynamic Fluctuations Long-time Tails and Supersymmetry  , 0303010.abs ,85,1,,,,,
A Model of Quantum Field Theory with Inter Source  , 0302061.abs ,0,1,,,,,
Integrable quantum field theories with supergroup symmetries: the $OSP(1/2)$ case  , 0302144.abs ,18,1,,,,,
On different actions for the vacuum of bosonic string field theory  , 0301079.abs ,26,1,,,,,
Effective theory for wall-antiwall system  , 0304195.abs ,1,1,,,,,
Pauli equation and the method of supersymmetric factorization  , 0302004.abs ,30,1,,,,,
Harmonic oscillator on noncommutative spaces  , 0301066.abs ,31,1,,,,,
Supergravity and the Knitting of the Kalb--Ramond Two-Form in Eight-Dimensional Topological Gravity  , 0303165.abs ,10,1,,,,,
On the relation between the propagators of dual theories  , 0304165.abs ,10,1,,,,,
Multi-Lagrangians Hereditary Operators and Lax Pairs for the Korteweg-de Vries Positive and Negative Hierarchies  , 0301152.abs ,4,1,,,,,
de Sitter Vacua in String Theory  , 0301240.abs ,2694,1,,,,,
Nearly Degenerate dS Horizons from a 2-D Perspective  , 0302058.abs ,4,1,,,,,
Universal Ratios and Correlation Functions  , 0302056.abs ,1,1,,,,,
The Exchange of Orientifold Two-Planes in M-theory  , 0303270.abs ,0,1,,,,,
Tachyons in a slice of AdS  , 0301151.abs ,5,1,,,,,
"Entropy Corrections for Schwarzschild and Reissner-Nordstr\""om Black Holes  ", 0304076.abs ,52,1,,,,,
Low Energy Effective Action for Dilatonic Braneworld --A Formalism for Inflationary Braneworld--  , 0303203.abs ,50,1,,,,,
Theta functions on Noncommutative T^4  , 0303091.abs ,7,1,,,,,
D-instantons and matter hypermultiplet  , 0302001.abs ,14,1,,,,,
The Exact Superconformal R-Symmetry Maximizes a  , 0304128.abs ,408,1,,,,,
Low Level Representations for E10 and E11  , 0301017.abs ,83,1,,,,,
Graviton-Scalar Interaction in the PP-Wave Background  , 0303007.abs ,4,1,,,,,
Proton Decay in Intersecting D-brane Models  , 0304079.abs ,106,1,,,,,
S-Brane Thermodynamics  , 0302146.abs ,115,1,,,,,
On central extensions of anti-de-Sitter algebras  , 0302198.abs ,6,1,,,,,
The Anthropic Landscape of String Theory  , 0302219.abs ,1025,1,,,,,
General Criterion for the existence of Supertube and BIon in Curved Target Space  , 0302145.abs ,5,1,,,,,
Effective Actions Boundaries and Precision Calculations of Casimir Energies  , 0304066.abs ,11,1,,,,,
Mathisson' spinning electron: noncommutative mechanics & exotic Galilean symmetry 66 years ago  , 0303099.abs ,28,1,,,,,
On the Multi Trace Superpotential and Corresponding Matrix Model  , 0303074.abs ,4,1,,,,,
Torus structure on graphs and twisted partition functions for minimal and affine models  , 0301215.abs ,20,1,,,,,
Asymptotic Density of Open p-brane States with Zero-modes included  , 0304152.abs ,7,1,,,,,
Cosmological constant and kinetic supersymmetry breakdown on a moving brane  , 0303167.abs ,3,1,,,,,
Spectral theory of automorphic forms and analysis of invariant operators on $SL_3({\cal{Z}}$ with applications  , 0304130.abs ,0,1,,,,,
D-Sitter Space: Causal Structure Thermodynamics and Entropy  , 0304220.abs ,24,1,,,,,
Ricci-flat Metrics with U(1) Action and the Dirichlet Boundary-value Problem in Riemannian Quantum Gravity and Isoperimetric Inequalities  , 0301026.abs ,23,1,,,,,
Chiral rings Mirror Symmetry and the Fate of Localized Tachyons  , 0303138.abs ,0,1,,,,,
Moduli Stabilization in Chiral Type IIB Orientifold Models with Fluxes  , 0303016.abs ,207,1,,,,,
Cosmological Anisotropy and the Cycling of Universe  , 0303110.abs ,1,1,,,,,
Noncommutative Quantum Field Theories  , 0301237.abs ,54,1,,,,,
Asymptotically Free Yang-Mills Classical Mechanics with Self-Linked Orbits  , 0301185.abs ,1,1,,,,,
Pair of accelerated black holes in a de Sitter background: the dS C-metric  , 0301046.abs ,43,1,,,,,
Branonium  , 0303170.abs ,63,1,,,,,
Joint Description of Periodic SL(2R) WZNW Model and Its Coset Theories  , 0303130.abs ,3,1,,,,,
Topological Q-Solitons  , 0302045.abs ,8,1,,,,,
