, Zumino,0
, E.C,0
, B490,0
, Not,0
, where,0
, form,0
, 1\else,0
, quantity,0
, Company,0
, over,0
, Table,0
, goodbreak,0
, convincing,0
, def\X,0
, A.2,0
, resembles,0
, poor,0
, supersymmetry,0
, reader,0
, prepotential,0
, until,0
, def\sig,0
, def\PRD,0
, coefficients,0
, supermultiplets,0
, buildrel,0
, hats,0
, AE,0
, def\eqalign,0
, Breitenlohner,0
, derivation,0
, a_2,0
, conventions,0
, remained,0
, curious,0
, candidates,0
, Applying,0
, Phys,0
, raise,0
, graphically,0
, covariant,0
, denoted,0
, Phi,0
, def\cd,0
, afterward,0
, Stoke,0
, illustration,0
,753,0
, deeper,0
,240,0
, physics,0
, above,0
, defined,0
, There,0
, def\slash,0
, examination,0
, Large,0
, all,0
, pursue,0
, minimal,0
, At,0
, gates,0
, A.1,0
, operator,0
, non-minimal,0
, must,0
, which,0
, decoupled,0
, seemingly,0
, Grassmann,0
, symbolic,0
, def\ce,0
, def\ci,0
, bz,0
, assert,0
, Y,0
, integrating,0
, halign,0
, bibitem,0
, denotes,0
, not,0
, O,0
, o,0
, Particle,0
, integrations,0
, backward,0
, def\cqg,0
, frenchspacing,0
, letters,0
, possesses,0
, def\ref,0
, huge,0
, def\cc,0
, case,0
, component,0
, llap,0
, array,0
, analogs,0
, totally,0
, Sigma,0
, right-handed,0
, def\cs,0
, Latin,0
, def\U,0
, forms,0
, also,0
, def\bd,0
, line,0
, What,0
,"2,2",0
, differentials,0
,"0,1",0
, there,0
, Since,0
, satisfactory,0
, def\NP,0
, Dubna,0
, mathord,0
, priori,0
, upon,0
, curvature,0
, efforts,0
, answered,0
, 4mm,0
, fermionic,0
, def\sp,0
, upsilon,0
, find,0
, def\PL,0
, def\cp,0
, organization,0
, Peskin,0
, def\Q,0
, since,0
, first,0
, reviewing,0
, mysterious,0
, Seminar,0
, VII,0
, North-Holland,0
, One,0
,663,0
, Whether,0
, following,0
, formulae,0
, matter,0
, questions,0
, raises,0
, expansion,0
, def\pr,0
, derivative,0
, mathchoice,0
, thereof,0
, Rahm,0
, numerous,0
, Next,0
, introduction,0
,14,0
, tabular,0
, Upsilon,0
, notational,0
, distinct,0
, some,0
, theorem,0
, operators,0
, Nieuwenhuizen,0
, def\frac,0
, Now,0
, technique,0
, surrounding,0
, homotopy,0
, formulation,0
, Dimensional,0
, appendix,0
, hypersurface,0
, derives,0
, NATO,0
, Again,0
, adjacent,0
, challenge,0
, indices,0
, such,0
, ranges,0
, zero-modes,0
, use,0
, given,0
, horizontal,0
, heterotic,0
, imposed,0
, goal,0
, contracting,0
, solving,0
, left\langle,0
, According,0
, def\sm,0
, investigating,0
, appeared,0
, footnotesize,0
, def\sect,0
, Appendix,0
, Annals,0
, determination,0
, def\q,0
, crucially,0
, W,0
, w,0
, def\abs,0
, Papadopoulos,0
, referring,0
,599,0
, believe,0
, eqalignno,0
, revealed,0
, frac12,0
, torsion,0
, Xi,0
, quantities,0
, def\cm,0
, was,0
, REFERENCES,0
, circumstances,0
, def\cq,0
, has,0
, approach,0
, Here,0
,"4,0",0
, rigorously,0
, presence,0
, statement,0
, definition,0
, substitution,0
, Wess,0
, Namely,0
, repeat,0
, evidence,0
, coordinates,0
, Class,0
, gauge,0
, supermultiplet,0
, UM,0
, def\J,0
, catcode,0
, applying,0
, aware,0
, def\cl,0
, spacing,0
, fields,0
, differential,0
, regarding,0
, def\j,0
, Lorentz,0
, greatly,0
, hfil,0
, def\pl,0
, importance,0
, principle,0
, magnification,0
, Another,0
, Even,0
, hss,0
, paragraph,0
, realizes,0
, Interestingly,0
, working,0
, closed,0
, fat,0
, def\ijmp,0
, literature,0
, So,0
, centered,0
, def\on,0
, def\np,0
, evaluating,0
, wishes,0
, supersymmetric,0
, generator,0
, New,0
, one,0
, at,0
, indicated,0
, Boer,0
, def\x,0
, ddot,0
, thus,0
, topic,0
, def\bo,0
, c2,0
, manner,0
, picture,0
, question,0
, Nucl.~Phys,0
, setlength,0
, appropriately,0
, More,0
, looking,0
, Physics,0
, equations,0
, three-form,0
, wish,0
, used,0
, received,0
, complications,0
, tensors,0
, c|c,0
, Phys.~Lett,0
, multiplets,0
, cases,0
, derivatives,0
, however,0
, practical,0
, will,0
, phi,0
, def\pp,0
, AA,0
, OE,0
, operations,0
, def\om,0
, sizes,0
,16,0
, definitions,0
, finally,0
, rigorous,0
,"0,2",0
, terms,0
, calculus,0
, whenever,0
, examples,0
, K,0
, push,0
, been,0
, described,0
, noting,0
, prior,0
, commutators,0
, k,0
, def\F,0
, method,0
,1980,0
, implications,0
, although,0
, mathematically,0
, curl,0
, center,0
, sometimes,0
, superconformal,0
, symbols,0
, variations,0
, Nucl,0
, general,0
, scriptscriptstyle,0
, When,0
, issues,0
, Using,0
, pt,0
, U,0
, Although,0
, holonomy,0
, us,0
, so,0
, or,0
, large,0
, extended,0
, inspired,0
, pictures,0
, def\O,0
, facts,0
, cast,0
,"0,0",0
, 1mm,0
, any,0
, University,0
,"4,4",0
, submanifold,0
, observation,0
, algebra,0
, arguments,0
, correspondingly,0
, def\bra,0
, A10,0
, closely,0
, noindent,0
, according,0
, Accordingly,0
, def\ket,0
, Greek,0
, math,0
, hypothesis,0
, explicit,0
, Thus,0
, role,0
, Amsterdam,0
,1966,0
, here,0
, ad,0
, section,0
, integers,0
, result,0
, within,0
, measure,0
, usual,0
, vector,0
, three,0
, Mod.Phys,0
, relax\ifmmode,0
, often,0
, spinors,0
, Due,0
, IIB,0
, Grant,0
, example,0
, finding,0
, acting,0
, sigma,0
, def\ad,0
, sphere,0
, Inc,0
, def\un,0
, last,0
, might,0
, now,0
, known,0
, proceedings,0
, hfill,0
, Omega,0
, likely,0
, elegant,0
, unusual,0
, ultimate,0
, symbol,0
, widely,0
, realization,0
, answer,0
, Brown,0
, separation,0
, volumes,0
, No,0
, derive,0
, expression,0
,75,0
, nobreak,0
, def\ch,0
, simultaneously,0
,"2,0",0
, However,0
, unambiguous,0
, def\ca,0
, calculating,0
, def\u,0
, def\del,0
, strut,0
, derived,0
, order,0
, why,0
,347,0
, def\mpl,0
, Ven,0
, auxiliary,0
, Second,0
, results,0
, def\cmp,0
, set,0
, essentially,0
, setting,0
, noalign,0
, dw,0
, no,0
, iota,0
, How,0
, vcenter,0
, Riemannian,0
, Instead,0
, simplified,0
, its,0
,1977,0
, exists,0
, bullet,0
, introducing,0
, similarly,0
, def\G,0
, candidate,0
, imagine,0
, level,0
, practice,0
, only,0
, 2\times,0
, another,0
, spacetime,0
, methods,0
, exterior,0
, ibid,0
, pm,0
, seven,0
, completely,0
, remainder,0
, formulations,0
, possible,0
, superscript,0
, propto,0
, serious,0
, future,0
, height,0
, scriptsize,0
, explains,0
, omega,0
, interior,0
, logically,0
, expanded,0
, left,0
, perhaps,0
, reached,0
, problem,0
, def\prl,0
, constructed,0
, effort,0
, sides,0
, TeX,0
, many,0
, Theta,0
, qquad,0
, other,0
, cm,0
, basis,0
, toward,0
, calculated,0
, operation,0
, fraction,0
, V,0
,1979,0
, manifold,0
, takes,0
, def\P,0
, 5in,0
, more,0
, applied,0
, associated,0
, right,0
, def\S,0
, YM,0
, Math,0
, Freedman,0
, If,0
, sections,0
, MA,0
, implies,0
, redefine,0
, notation,0
, consequences,0
,5,0
, invariant,0
, v,0
, attention,0
, behind,0
, coordinate,0
, def\L,0
, spinor,0
, using,0
, B^2,0
, def\su,0
, types,0
, def\baselinestretch,0
, thick,0
, conveniently,0
, Mathematical,0
, def\D,0
,1983,0
, traces,0
,"2,4",0
, appropriate,0
, 1\right,0
, volume,0
, leading,0
, taken,0
, see,0
, vertical,0
, feature,0
,489,0
, follows,0
, September,0
, two,0
, next,0
, complete,0
, into,0
, consistency,0
, sharp,0
, how,0
, shall,0
, i.e,0
, define,0
, valid,0
, context,0
, otimes,0
, extension,0
, satisfies,0
, newpage,0
, write,0
, what,0
, cdot,0
, def\ap,0
, generalizes,0
, illustrated,0
, Roman,0
, corresponds,0
, discussed,0
, Journal,0
, magstep,0
, normal,0
, knowledge,0
, ignored,0
, proof,0
, def\o,0
, once,0
, slightly,0
, Box,0
, July,0
, required,0
, satisfied,0
, existence,0
, Symmetries,0
, seen,0
, quite,0
, again,0
, argument,0
, resolved,0
, let,0
,519,0
, related,0
, discussion,0
, geometries,0
, bottom,0
, yields,0
, yielding,0
, surfaces,0
, most,0
, ordinary,0
, steps,0
, Tr,0
, observations,0
, oriented,0
, suggestion,0
, emerges,0
, approximately,0
, contour,0
, leads,0
, stringy,0
, formulated,0
, Let,0
, limited,0
, replacing,0
, term,0
, defining,0
, Department,0
, quad,0
, c1,0
, reducing,0
, two-form,0
, their,0
, followed,0
, Sept,0
, works,0
,107,0
, 2-d,0
, cohomology,0
, scaled,0
, refers,0
, def\pa,0
, years,0
, seems,0
, sect,0
,122,0
, overlap,0
, table,0
, previous,0
, Similarly,0
, arbitrary,0
, def\f,0
, conjugate,0
, continue,0
, via,0
, 's,0
, VI,0
, when,0
, final,0
,114,0
, class,0
, light-cone,0
,381,0
, extends,0
, perspective,0
, Combining,0
, new,0
, tc,0
, discussing,0
, def\co,0
, strategy,0
,1.2,0
, modified,0
, zeta,0
, present,0
, string,0
, understanding,0
, Finally,0
, covariance,0
, hermitian,0
,484,0
, mathematical,0
, pieces,0
, writing,0
, regarded,0
, After,0
, on-shell,0
, forth,0
, globally,0
, loop,0
, complicated,0
, issue,0
, cf,0
, contains,0
, topologically,0
, difficulties,0
, full,0
, width,0
, interesting,0
, considerations,0
, if,0
, throughout,0
, versions,0
, single,0
, Quantization,0
, generators,0
, work,0
, adding,0
, maximum,0
, 1B,0
, attempt,0
, bilinear,0
, Introduction,0
, both,0
, chirality,0
, Lett,0
, done,0
, title,0
, Research,0
, limit,0
, old,0
, two-dimensional,0
, fact,0
, rules,0
, def\ep,0
,443,0
, vanishes,0
, car,0
, evaluated,0
, German,0
, connecting,0
, Unfortunately,0
, They,0
, based,0
, independent,0
, without,0
, far,0
, hskip,0
, calculations,0
, time,0
,11,0
, indent,0
, mixed,0
, def\g,0
, additional,0
, mainly,0
, found,0
, hand,0
, eta,0
, developed,0
, proposed,0
, spectrum,0
, Russia,0
, simply,0
, starting,0
, exist,0
, understood,0
, mid,0
, well,0
, different,0
, demonstrated,0
,7,0
, Yang-Mills,0
, ha,0
, demonstrate,0
, partial^2,0
, occurs,0
, simple,0
, unknown,0
, were,0
, gap,0
,469,0
, strictly,0
, 2in,0
, International,0
, minus,0
,115,0
, Sciences,0
, way,0
, mathop,0
, algebraic,0
, Taking,0
, aspects,0
, observe,0
, below,0
, anomalies,0
, differences,0
, SUSY,0
, normalsize,0
,415,0
, appears,0
, shown,0
, def\de,0
, necessarily,0
, def\z,0
, particular,0
, recently,0
, learn,0
, oscillator,0
, constants,0
, NSF,0
, insight,0
, entirely,0
, formulate,0
, denote,0
,302,0
, Academic,0
, complex,0
, gets,0
, plus,0
, should,0
, call,0
, responsible,0
, connections,0
, hence,0
, note,0
, suggests,0
, number,0
, critical,0
, turn,0
, explicitly,0
, requires,0
, coupled,0
, ways,0
, implication,0
, antisymmetric,0
, tensor,0
, him,0
, generically,0
, notations,0
, reason,0
, assumption,0
, need,0
, idem,0
, constitute,0
, values,0
, conjugation,0
, clearly,0
, authors,0
, introduce,0
, graviton,0
, occur,0
, noted,0
,9,0
, enough,0
, calculation,0
, tr,0
, group,0
, suppressed,0
, process,0
, expansions,0
, substituting,0
, hbar,0
, demand,0
, features,0
, precisely,0
, integrand,0
, none,0
, Rev,0
, return,0
, def\p,0
, carrying,0
, take,0
, speaking,0
, generality,0
, notion,0
, def\l,0
, same,0
, divergences,0
, support,0
, partial,0
, needed,0
, def\ha,0
, directly,0
, useful,0
, correctly,0
, integral,0
,124,0
, fourth,0
, instead,0
, III,0
, reasonable,0
,4.5,0
, minimum,0
, point,0
, aspect,0
, ideas,0
, grant,0
, Further,0
, concrete,0
, crucial,0
, special,0
, very,0
, subject,0
, after,0
, def\d,0
, show,0
,163,0
, problems,0
, lead,0
,"1,1",0
, eleven,0
, London,0
, available,0
, tangent,0
, IV,0
, null,0
, consists,0
, does,0
, obviously,0
, represents,0
, applies,0
, various,0
,177,0
, Euler,0
, ingredient,0
, beginning,0
, reference,0
, thispagestyle,0
, simplest,0
, play,0
, front,0
, side,0
, becomes,0
, construction,0
, ago,0
, exactly,0
, differs,0
, long,0
, arises,0
,179,0
, mu,0
, separately,0
, exact,0
, cy,0
, par,0
,6,0
, ro,0
, pa,0
, called,0
, appear,0
, representations,0
, Delta,0
, convenience,0
, fundamental,0
, absorb,0
, imposing,0
, describing,0
,34,0
, arise,0
, nonumber,0
, oplus,0
, realize,0
, especially,0
, def\s,0
, aa,0
, respectively,0
,23,0
, proceed,0
, concentrate,0
, length,0
, suggest,0
, obtaining,0
, original,0
, components,0
, dimensional,0
, showed,0
, satisfying,0
, consistent,0
, seem,0
, separated,0
, acknowledge,0
, referred,0
, lines,0
, total,0
, true,0
, Furthermore,0
, IIA,0
, centerline,0
, summation,0
, provides,0
, Grav,0
, def\k,0
, inverse,0
, whose,0
, progress,0
,118,0
, boundary,0
, concerning,0
, possibility,0
, themselves,0
, leaves,0
, similar,0
, choices,0
, classes,0
, concept,0
,131,0
, bulk,0
, trace,0
, had,0
, about,0
, combined,0
, Poincar,0
, familiar,0
, eqnarray,0
, partially,0
, each,0
, non-trivial,0
, R^2,0
,219,0
, emphasize,0
, out,0
, USA,0
, reasons,0
, constrained,0
, list,0
, remaining,0
, identified,0
,129,0
, space,0
, solution,0
, agrees,0
, describe,0
, Nor,0
, strongly,0
, through,0
, they,0
, Press,0
, surface,0
, word,0
, expressions,0
, widetilde,0
, Lagrangian,0
, counting,0
,127,0
, nature,0
, considering,0
, would,0
, around,0
, medskip,0
,409,0
, rope,0
, presented,0
, interest,0
, remarkable,0
, performing,0
, hospitality,0
, mentioned,0
, theta,0
, further,0
, former,0
, characterized,0
, even,0
,1989,0
, conventional,0
,203,0
, focus,0
, Pi,0
, correct,0
, vantage,0
, chosen,0
, text,0
, appearance,0
,53,0
, satisfy,0
,1200,0
, means,0
, slight,0
, due,0
,1991,0
, allows,0
, techniques,0
, ae,0
, equivalent,0
, least,0
,500,0
, treatment,0
, upper,0
,1995,0
, provide,0
, etc,0
, important,0
, non-vanishing,0
, universal,0
, representation,0
, superstring,0
, arrive,0
, 1\over,0
, system,0
, reducible,0
, scheme,0
, mind,0
, then,0
, expressed,0
,1975,0
, apply,0
, def\i,0
, discuss,0
, well-known,0
, illustrate,0
, changing,0
, than,0
, proportional,0
, numbers,0
, possess,0
,13,0
, who,0
, action,0
, much,0
, yield,0
, calculate,0
, depend,0
, pointed,0
, Notice,0
, achieved,0
, characteristic,0
, structure,0
, together,0
, comments,0
, obtain,0
, range,0
, require,0
, small,0
, respective,0
, root,0
, but,0
, rank,0
, gives,0
, shows,0
, 2pt,0
, footnote,0
, leftrightarrow,0
, ell,0
, def\h,0
, suggested,0
, good,0
, determines,0
, carried,0
, decomposition,0
, Einstein,0
, eliminate,0
, version,0
, marks,0
, equivalence,0
,10,0
, Lambda,0
, exponential,0
, construct,0
, usually,0
,1998,0
, entire,0
, hope,0
, along,0
, exp,0
, distinguish,0
, page,0
, do,0
, check,0
, Under,0
, made,0
, rewritten,0
, gravitational,0
,26,0
, investigation,0
,1978,0
, approx,0
,1997,0
, earlier,0
, second,0
, York,0
, def\m,0
,103,0
, summarize,0
, foot,0
, approaches,0
, letter,0
, Vol,0
, includes,0
, identification,0
, taking,0
, Commun,0
, immediately,0
, definite,0
, discussions,0
, still,0
, them,0
,215,0
, def\r,0
, generally,0
, certain,0
, integrals,0
, great,0
, delta,0
, whereas,0
, among,0
, corresponding,0
, belong,0
, easily,0
, giving,0
, analysis,0
, circle,0
, Gamma,0
, whole,0
, empty,0
, obtained,0
, II,0
, produces,0
, alpha,0
, Acknowledgment,0
, def\c,0
, formally,0
, restricted,0
,117,0
, font,0
,"1,2",0
, variation,0
, path,0
, between,0
, behavior,0
,63,0
,1981,0
, sets,0
, value,0
, yet,0
, insert,0
, Cambridge,0
, recent,0
, suitable,0
, meaning,0
, standard,0
, did,0
, choice,0
, def\n,0
, never,0
, ij,0
, integrate,0
, supported,0
, ask,0
, add,0
, distance,0
, test,0
, performed,0
, def\a,0
, agreement,0
, correspond,0
, properties,0
, those,0
, naturally,0
, reads,0
, involving,0
, preprint,0
, follow,0
,83,0
, dagger,0
, study,0
, five,0
, preserve,0
, clear,0
, sim,0
, evaluate,0
, dots,0
, overline,0
, replaced,0
, addition,0
,87,0
, ab,0
, double,0
, remain,0
, just,0
, investigate,0
, information,0
, broken,0
, represented,0
, dimensions,0
, establish,0
, interpreted,0
, brief,0
, spaces,0
, six,0
, interested,0
, having,0
, concern,0
, gamma,0
, refer,0
,38,0
, type,0
, Mod,0
, infinity,0
, formalism,0
, limits,0
, trivial,0
, written,0
, change,0
, analogous,0
, contain,0
, application,0
, factor,0
, else,0
, kappa,0
, def\t,0
, expect,0
, functional,0
, short,0
, geometry,0
, display,0
, vanish,0
, factors,0
, lambda,0
, comment,0
, wide,0
, mass,0
, regard,0
, conclusion,0
, thebibliography,0
, beta,0
, later,0
, makes,0
, def\e,0
,1984,0
, consideration,0
, generalization,0
, top,0
, expand,0
, open,0
, generalized,0
, box,0
, branes,0
, e.g,0
, parameter,0
,1986,0
, integer,0
, parts,0
, basic,0
, generic,0
,1987,0
, square,0
, provided,0
, multiple,0
, modes,0
,51,0
, say,0
, symmetry,0
, identity,0
, turns,0
, interpretation,0
, negative,0
,1988,0
, remains,0
, obvious,0
, purpose,0
, represent,0
, zero,0
, condition,0
, Institute,0
,22,0
, generated,0
, format,0
, constant,0
, duality,0
, respect,0
, indeed,0
, rely,0
, normalization,0
, Ann,0
, flat,0
,18,0
, def\b,0
, document,0
, before,0
, phase,0
, property,0
, date,0
, Sc,0
, difference,0
, connection,0
, global,0
, conformal,0
, agree,0
,21,0
, easy,0
, convenient,0
, compute,0
, situation,0
, consequence,0
,20,0
, course,0
, face,0
, latter,0
, sense,0
, van,0
, look,0
, pure,0
, always,0
, lower,0
, oe,0
, go,0
, review,0
, sum,0
, either,0
, consider,0
, understand,0
, depends,0
, xi,0
, power,0
, led,0
, generalize,0
, del,0
, straight,0
, step,0
, Co,0
, account,0
, br,0
, procedure,0
, variables,0
, parameters,0
, dependence,0
, introduced,0
, pi,0
,19,0
, replace,0
, 1/2,0
, up,0
, tl,0
, sc,0
, bl,0
, mp,0
, name,0
, description,0
, transformations,0
, prove,0
, cover,0
, tau,0
, margin,0
,66,0
, ones,0
, coefficient,0
, choose,0
, perform,0
, actions,0
, logical,0
, fill,0
,58,0
, early,0
, eds,0
, Quantum,0
, couple,0
,100,0
, relevant,0
, element,0
, solve,0
, extend,0
, contribution,0
, relations,0
, break,0
, idea,0
, restrict,0
, being,0
, therefore,0
, product,0
, natural,0
, rho,0
,79,0
, author,0
, close,0
, net,0
, Quant,0
, matrix,0
, Quan,0
,77,0
, physical,0
, conditions,0
, equal,0
, coupling,0
, 12pt,0
, back,0
, presentation,0
, four,0
, because,0
,89,0
,47,0
,48,0
, infty,0
,39,0
, determine,0
,49,0
,1996,0
, documentstyle,0
,33,0
, lies,0
,81,0
, formal,0
, formula,0
,28,0
, eight,0
,9,0
, view,0
, 2p,0
, become,0
, vec,0
, mean,0
, epsilon,0
,27,0
, sqrt,0
, effect,0
, script,0
,32,0
, Howe,0
, real,0
, paper,0
, less,0
,70,0
, prod,0
, main,0
,24,0
,30,0
,25,0
, enter,0
, Theor,0
, Univ,0
, style,0
, chi,0
, article,0
, sub,0
, He,0
,96,0
, mit,0
, sl,0
, det,0
, dimension,0
, oint,0
, able,0
, bit,0
, sf,0
, give,0
, def,0
, part,0
, nu,0
, tt,0
, his,0
, ne,0
, ss,0
, em,0
, act,0
, her,0
, am,0
, hi,0
, ho,0
, ge,0
, ai,0
, fi,0
, le,0
, la,0
, for,0.00001
, height6pt,0.00001
, o^a,0.00001
, def\partder,0.00001
, fiducial,0.00001
, acute,0.00001
, def\TH,0.00001
, 74B,0.00001
, French,0.00001
, bigskip\medskip,0.00001
,"1,0",0.00001
, Extended,0.00001
, 1000pt,0.00001
, alternate,0.00001
, thinlines,0.00001
, 4-form,0.00001
, Fonts,0.00001
, C.2,0.00001
, Publication,0.00001
, favored,0.00001
, serif,0.00001
, 1\crcr,0.00001
, Text,0.00001
, Int,0.00001
, 1in,0.00001
, kern-2pt,0.00001
, D-p-branes,0.00001
, B.5,0.00001
, hacek,0.00001
, C.1,0.00001
, B453,0.00001
, def\ddg,0.00001
, recognizing,0.00001
, depended,0.00001
, 67B,0.00001
, B162,0.00001
, constraints,0.00001
, def\Bar,0.00001
,"14,15",0.00001
, parskip=\medskipamount,0.00001
, 98-06,0.00001
, funny,0.00001
, 98-13,0.00001
, tildes,0.00001
, de,0.00001
,0,0.00001
, ktr,0.00001
, def\Dslash,0.00001
, mathord\rightarrow,0.00001
, assistance,0.00001
, Hungarian,0.00001
, Reading,0.00001
, def\gtap,0.00001
, mathord\leftarrow,0.00001
, def\ip,0.00001
, imposition,0.00001
, rendered,0.00001
, int,0.00001
, invariants,0.00001
,12,0.00001
, Equations,0.00001
, heading,0.00001
, heart,0.00001
, Huge,0.00001
, wedge,0.00001
, off-shell,0.00001
, Berezin,0.00001
, portions,0.00001
, emphasizes,0.00001
, def\ltap,0.00001
, zweibein,0.00001
, operatorial,0.00001
, remedy,0.00001
, def\sfrac,0.00001
, Benjamin/Cummings,0.00001
, 1\right\rangle,0.00001
, be,0.00001
, by,0.00001
, P,0.00001
, p,0.00001
, scriptstyle,0.00001
, Also,0.00001
, tracing,0.00001
, smile,0.00001
, gathered,0.00001
, B147,0.00001
, Any,0.00001
, non-supersymmetric,0.00001
, to\displaywidth,0.00001
, def\CY,0.00001
, Bianchi,0.00001
, 2.3pt,0.00001
, semicircle,0.00001
, enumeration,0.00001
, c.f,0.00001
, 1.5in,0.00001
, breve,0.00001
, survey,0.00001
, Repeating,0.00001
, NO,0.00001
, H,0.00001
, seventh,0.00001
, rationale,0.00001
, 2.5in,0.00001
, h,0.00001
, textwidth=6in,0.00001
, topological,0.00001
, 4in,0.00001
, Fierz,0.00001
, begins,0.00001
, Q,0.00001
, B213,0.00001
, nabla_\a,0.00001
, hitherto,0.00001
, 56B,0.00001
, Our,0.00001
, Elementary,0.00001
, anz,0.00001
, integration,0.00001
, substantially,0.00001
, headheight=0in,0.00001
, B.3,0.00001
, frac16,0.00001
, B.4,0.00001
, widehat,0.00001
, Field,0.00001
, All,0.00001
, body,0.00001
, headsep=0in,0.00001
, def\Sc,0.00001
, def\cw,0.00001
, Wess-Zumino,0.00001
, abbreviations,0.00001
, Within,0.00001
, mathsurround=0pt,0.00001
, frac,0.00001
, q,0.00001
, Method,0.00001
, With,0.00001
, topmargin=0in,0.00001
, kern-1pt\nointerlineskip,0.00001
, Only,0.00001
, X,0.00001
, happy,0.00001
, B481,0.00001
, def\cx,0.00001
, alignment,0.00001
, heuristically,0.00001
, puzzles,0.00001
, spinorial,0.00001
, measures,0.00001
, hbox,0.00001
, Upon,0.00001
, dramatically,0.00001
,4,0.00001
, rigid,0.00001
, textheight=9in,0.00001
, group\footnote,0.00001
, Theorem,0.00001
, redundancy,0.00001
, Integrating,0.00001
, def\cj,0.00001
, substituted,0.00001
, s,0.00001
, S,0.00001
, chiral,0.00001
, conjecture,0.00001
, theory,0.00001
, College,0.00001
, Additionally,0.00001
, B268,0.00001
, pounds,0.00001
, Discussions,0.00001
, R.N,0.00001
, As,0.00001
, Gates,0.00001
, 1pt,0.00001
, knowing,0.00001
, directed,0.00001
, Spinors,0.00001
, cr,0.00001
,3,0.00001
, def\panorama,0.00001
, def\title,0.00001
, def\mm,0.00001
, B.1,0.00001
, global\dtupfalse,0.00001
, newif\ifdtup,0.00001
, global\dtuptrue,0.00001
, ifdtup,0.00001
, def\der,0.00001
, raisebox,0.00001
, bosonic,0.00001
, B.2,0.00001
, border,0.00001
, permits,0.00001
, crcr,0.00001
, def\endtitle,0.00001
, newskip\humongous,0.00001
, penalty\interdisplaylinepenalty,0.00001
, curly,0.00001
, default,0.00001
, humongous=0pt,0.00001
, par\noindent,0.00001
, parskip=0pt,0.00001
, B169,0.00001
, variational,0.00001
, Astronomy,0.00001
, as,0.00001
, repeating,0.00001
, tilde,0.00001
, Some,0.00001
, self-consistency,0.00001
, vskip\normallineskiplimit,0.00001
, vskip-\lineskiplimit,0.00001
, defects,0.00001
, def\dt,0.00001
, def\caja,0.00001
, strengths,0.00001
, ultimately,0.00001
, Three,0.00001
, underline,0.00001
, sp,0.00001
, Gussich,0.00001
, def\op,0.00001
,1191,0.00001
, def\cv,0.00001
, def\cz,0.00001
, c4,0.00001
, Super,0.00001
, are,0.00001
, n,0.00001
, N,0.00001
, put,0.00001
, endtitle,0.00001
, identities,0.00001
, Other,0.00001
, def\prd,0.00001
, Breit,0.00001
, ABSTRACT,0.00001
, braces,0.00001
, equiv,0.00001
, Such,0.00001
, On,0.00001
, From,0.00001
, def\ck,0.00001
, alluded,0.00001
, prepotentials,0.00001
, topology,0.00001
, local,0.00001
, unconstrained,0.00001
, hfil\displaystyle,0.00001
, primo,0.00001
, def\em,0.00001
, a_1,0.00001
, twisted,0.00001
, Publishing,0.00001
, slash,0.00001
, boldface,0.00001
, everycr,0.00001
, x,0.00001
, bf,0.00001
, James,0.00001
, form\footnote,0.00001
, VIII,0.00001
, def\CF,0.00001
, on,0.00001
, e_a,0.00001
, An,0.00001
, A.4,0.00001
, Arnowitt,0.00001
, def\VEV,0.00001
, 1.5pt,0.00001
, commutator,0.00001
, box0,0.00001
, index,0.00001
, Supersymmetries,0.00001
, sans,0.00001
, initiated,0.00001
, plagued,0.00001
, asserts,0.00001
, Grisaru,0.00001
, M.T,0.00001
, relax\fi,0.00001
, raise.15ex\hbox,0.00001
, def\cb,0.00001
, def\cg,0.00001
, deficit,0.00001
, obstructions,0.00001
, began,0.00001
, usage,0.00001
, Polish,0.00001
, theories,0.00001
, 6in,0.00001
, Along,0.00001
, unitlength,0.00001
, left-handed,0.00001
, These,0.00001
, manifolds,0.00001
, def\sb,0.00001
, beta-function,0.00001
, resultant,0.00001
, Calligraphic,0.00001
, vbox,0.00001
, cek,0.00001
, Park,0.00001
, Siegel,0.00001
, large\bf,0.00001
, cite,0.00001
, greatest,0.00001
, hfil\crcr,0.00001
, Nath,0.00001
, displaystyle,0.00001
, Its,0.00001
, vielbein,0.00001
, def\cf,0.00001
, projection,0.00001
, strength,0.00001
, lend,0.00001
, attack,0.00001
, Section,0.00001
, an,0.00001
, rlap,0.00001
, derivations,0.00001
, triviality,0.00001
, annihilates,0.00001
, DeWitt,0.00001
, M.E,0.00001
, purely,0.00001
, 3-form,0.00001
, may,0.00001
, solely,0.00001
, schematically,0.00001
, calculates,0.00001
, def\eqalignno,0.00001
, hat,0.00001
, def\cn,0.00001
, def\cu,0.00001
, utilized,0.00001
, dot\b,0.00001
, multiplying,0.00001
, Z,0.00001
, utilizing,0.00001
, characters,0.00001
, ialign,0.00001
, guiding,0.00001
, confront,0.00001
, type-II,0.00001
, textstyle,0.00001
, wz,0.00001
, dummy,0.00001
, decades,0.00001
, A.3,0.00001
, answers,0.00001
, bigtriangledown,0.00001
, D16,0.00001
, tiny,0.00001
, 2-form,0.00001
, can,0.00001
, offer,0.00001
, our,0.00001
, classifying,0.00001
, d_a,0.00001
, def\sl,0.00001
, outstanding,0.00001
, Grassmannian,0.00001
, Title,0.00001
, curved,0.00001
, superfields,0.00001
, SO,0.00001
, remarkably,0.00001
, thickness,0.00001
, presently,0.00001
, d^3,0.00001
, field,0.00001
, raised,0.00001
, raise.3ex\hbox,0.00001
, def\ct,0.00001
, with,0.00001
, z,0.00001
, irreducible,0.00001
, notable,0.00001
, origins,0.00001
, device,0.00001
, See,0.00001
, vrule,0.00001
, these,0.00001
, multiplet,0.00001
, obstruction,0.00001
, def\PR,0.00001
, def\dg,0.00001
, previously,0.00001
, Roughly,0.00001
, chance,0.00001
, have,0.00001
, super,0.00001
, c3,0.00001
, from,0.00001
, yco,0.00002
, 20742-4111,0.00002
, abstractly,0.00002
, Wehlau,0.00002
, pa_a,0.00002
, grave,0.00002
, N_p,0.00002
,"29,16",0.00002
, dot-over,0.00002
, font\tenex=cmex10,0.00002
, d_\b,0.00002
, sp/sb,0.00002
, footheight=3ex,0.00002
, R|^2,0.00002
, definitively,0.00002
, def\parvar,0.00002
, B164,0.00002
, oval,0.00002
, mkern-2mu,0.00002
, bars,0.00002
, to\hsize,0.00002
, Until,0.00002
, Operators,0.00002
, mskip,0.00002
, rm,0.00002
, begin,0.00002
, oldest,0.00002
, 45ex,0.00002
, mkern-6mu,0.00002
, textindent,0.00002
, italic,0.00002
, A-with-circle,0.00002
, def\Dot,0.00002
, dieresis,0.00002
, es-zet,0.00002
,1352,0.00002
, c6,0.00002
, bar-over,0.00002
, ligature,0.00002
, nabla^2,0.00002
, is,0.00002
, ooo,0.00002
, h.c,0.00002
, SG,0.00002
, Benjamin-Cummings,0.00002
, Substitution,0.00002
, emphatic,0.00002
, def\cap,0.00002
, insignificant,0.00002
, B124,0.00002
, bigm,0.00002
, Alternately,0.00002
, circumflex,0.00002
, def\Title,0.00002
, accent,0.00002
, macron,0.00002
, end,0.00002
, superfield,0.00002
, v_a,0.00002
, def\dslash,0.00002
, t,0.00002
, T,0.00002
, We,0.00002
, and,0.00002
, density,0.00002
, pa_m,0.00002
, def\Sf,0.00002
, on\leftarrow,0.00002
, def\oover,0.00002
, def\bfrac,0.00002
, def\afrac,0.00002
, ''\footnote,0.00002
, foresee,0.00002
, def\fder,0.00002
, def\oldsl,0.00002
, we,0.00002
, By,0.00002
, def\SL,0.00002
, stuff,0.00002
, d^4,0.00002
, that,0.00002
, def\lin,0.00002
, supplementary,0.00002
, mm,0.00002
, 3d,0.00002
, R,0.00002
, r,0.00002
, lll,0.00002
, F,0.00002
, f,0.00002
, bar-under,0.00002
, let\um=\H,0.00002
, def\border,0.00002
, on\circ,0.00002
, dot-under,0.00002
, lineskip=0pt,0.00002
, omega_m,0.00002
, def\bvec,0.00002
, let\br=\u,0.00002
, P.van,0.00002
, let\du=\d,0.00002
, unaligned,0.00002
, benefitted,0.00002
, Aligned,0.00002
, pp,0.00002
, slashed,0.00002
, vglue,0.00002
, quotation,0.00002
, def\refs,0.00002
, sp\dagger,0.00002
, leftrightarrowfill\crcr\noalign,0.00002
, def\car,0.00002
, def\dvec,0.00002
, W.~Siegel,0.00002
, torsions,0.00002
, permissible,0.00002
, sub-space,0.00002
, D'Alembertian,0.00002
, def\dell,0.00002
, squiggle,0.00002
, def\dtt,0.00002
, dairy-o,0.00002
, re-write,0.00002
, def\eqalignnotwo,0.00002
, sp\ddagger,0.00002
, J,0.00002
, j,0.00002
, M,0.00002
, m,0.00002
, rhs,0.00002
, hrule,0.00002
, thicklines,0.00002
, Definition,0.00002
, raise.4ex\hbox,0.00002
, paragraphs,0.00002
, inputs,0.00002
, 1\over\vphantom2\smash,0.00002
, kern-4pt,0.00002
, def\conj,0.00002
, let\ced=\c,0.00002
, B317,0.00002
, let\tie=\t,0.00002
, B457,0.00002
, earliest,0.00002
, tie-after,0.00002
, C.3,0.00002
, typewriter,0.00002
, bottoms,0.00002
, B163,0.00002
, belief,0.00002
, Definitions,0.00002
, sM,0.00002
, eqno,0.00002
, unsolved,0.00002
, LaTeX,0.00002
, Manifolds,0.00002
, It,0.00002
, v_b,0.00002
, def\iff,0.00002
, vague,0.00002
, raise.20ex,0.00002
, 4ex,0.00002
, proposing,0.00002
, foreign,0.00002
, def\secder,0.00002
, cedilla,0.00002
, contradictory,0.00002
, it,0.00002
, panorama,0.00002
, caja,0.00002
, 1\over\partial,0.00002
, kern,0.00002
, lower.5ex\hbox,0.00002
, For,0.00002
, cleaders\hbox,0.00002
, def\leftrightarrowfill,0.00002
, Pontrjagin,0.00002
,"20,12",0.00002
, B184,0.00002
, def\Tilde,0.00002
, def\cy,0.00002
, def\Hat,0.00002
, slanted,0.00002
, Stated,0.00002
, eighties,0.00002
, This,0.00002
, this,0.00002
, Topology,0.00002
, hline,0.00002
, Abbreviations,0.00002
, LARGE,0.00002
, To,0.00003
,2,0.00003
, tabskip=\humongous,0.00003
,"20,13",0.00003
, def\Item,0.00003
, height5pt,0.00003
, def\makelabel,0.00003
, M.Cederwall,0.00003
, let\slo=\o,0.00003
, def\Itemitem,0.00003
, hsize=6in,0.00003
, hangindent60pt,0.00003
, let\Slo=\O,0.00003
, K.Skenderis,0.00003
, hangindent20pt,0.00003
, L.Lu,0.00003
, F.A.Berezin,0.00003
, Assembling,0.00003
, vskip.2in,0.00003
, par\hang\textindent,0.00003
, phi_\a,0.00003
, 10D,0.00003
, m_c,0.00003
, spin-connection,0.00003
, eqalign,0.00003
, Topological,0.00003
, big,0.00003
, i.e.~the,0.00003
, 4D,0.00003
, g_c,0.00003
, psi^a,0.00003
, to,0.00003
, I,0.00003
, i,0.00003
, 2-manifold,0.00003
, def\headpic,0.00003
, openup2\jot,0.00003
, g_d,0.00003
, step-by-step,0.00003
,"170,0",0.00003
, 1.95pt,0.00003
,"30,31",0.00003
, def\pslash,0.00003
, par\vskip-6.5mm,0.00003
, operator\footnote,0.00003
, par\indent,0.00003
, K.S.Stelle,0.00003
, footskip=4ex,0.00003
, overline\psi,0.00003
, Has,0.00003
, supergeometry,0.00003
, def\Sl,0.00003
, MD,0.00003
, cdots,0.00003
, in,0.00003
, In,0.00003
, 3D,0.00003
, Intl,0.00003
, hangindent2\parindent,0.00003
, belowdisplayskip=1em,0.00003
, abovedisplayskip=1em,0.00003
, skewchar\sixsy='60,0.00003
, samples,0.00003
, pre-factor,0.00003
, def\cdm,0.00003
, def\cdp,0.00003
, supergravity,0.00003
, Future,0.00003
, width0.4pt,0.00003
, Horizontal,0.00003
, sdet,0.00003
, def\cbo,0.00003
, J.de,0.00003
, type-IIB,0.00003
, Oerter,0.00003
, def\PMMM,0.00003
, D_M,0.00003
, case-by-case,0.00003
, def\PMM,0.00003
, def\Go,0.00003
, belowdisplayshortskip=.5em,0.00003
, def\face,0.00003
, alert,0.00003
, mskip-4.7mu,0.00003
, abovedisplayshortskip=.5em,0.00003
, deem,0.00003
, mskip-2.2mu,0.00003
, gravitino,0.00003
, About,0.00003
, tabskip=0pt,0.00003
, L,0.00003
, l,0.00003
, type-IIA,0.00003
, by-1,0.00003
, d^2,0.00003
, Jr,0.00004
, dot,0.00004
, Minimal,0.00004
, C,0.00004
, c,0.00004
, bigodot,0.00004
, recognizable,0.00004
, R.Arnowitt,0.00004
, def\cam,0.00004
, skewchar\sixmi='177,0.00004
, gauge\footnote,0.00004
,1727,0.00004
, def\fracs,0.00004
, Letts,0.00004
,184,0.00004
, psi_f,0.00004
, width0.5pt,0.00004
, Gothic,0.00004
,"180,16",0.00004
, superfunction,0.00004
, sub-spaces,0.00004
, 2D,0.00004
, G,0.00004
, g,0.00004
, equation,0.00004
, C.4,0.00004
, projectors,0.00004
, psi,0.00004
, 1.65pt,0.00004
, let\sll=\l,0.00004
, 0.15pt,0.00004
, height4.5pt,0.00004
, let\Sll=\L,0.00004
, tautology,0.00004
, g_e,0.00004
, def\ssp,0.00004
, soul,0.00004
, challenged,0.00004
, height5.7pt,0.00004
, def\kcl,0.00004
, def\dvm,0.00004
, J.Wess,0.00004
, g^d,0.00004
, widest,0.00004
, envisioned,0.00004
, 1.85pt,0.00004
, nabla_c,0.00004
, Brooks,0.00004
, height5.4pt,0.00004
,"175,0",0.00004
, newline,0.00004
, Local,0.00004
, accents,0.00004
, E,0.00004
, e,0.00004
, sb,0.00004
, umlaut,0.00005
, 1.8pt,0.00005
, of,0.00005
, vphantom1\smash,0.00005
, 0.5pt,0.00005
, raise3pt\hbox,0.00005
, APPENDIX,0.00005
, raise.2ex\hbox,0.00005
, width0.3pt,0.00005
, def\topic,0.00005
, kbr,0.00005
, Scandinavian,0.00005
, supermanifold,0.00005
, projector,0.00005
, IT,0.00005
, Supergravity,0.00005
, def\ktr,0.00005
, def\ktl,0.00005
, magscale,0.00005
, let\under=\b,0.00005
, plus.3em,0.00005
, def\kbr,0.00005
, def\kbl,0.00005
, minus.4em,0.00005
, plus.2em,0.00005
, def\fracm,0.00005
, minus.5em,0.00005
, xco=158,0.00005
, overline\Sigma,0.00005
, kern-2.3pt,0.00005
,"325,16",0.00005
,"140,0",0.00005
,"165,16",0.00005
, covariantizes,0.00005
,"169,16",0.00005
, def\kcr,0.00005
,329,0.00005
, values\footnote,0.00005
,169,0.00005
,"329,16",0.00005
, insurmountable,0.00005
, supervielbein,0.00005
, Conjecture,0.00005
, setbox0\hbox,0.00005
, depth1pt,0.00005
, Invariants,0.00006
, nonminimal,0.00006
, newcount\xco,0.00006
, nabla_b,0.00006
, newcount\yco,0.00006
, par\vskip-8mm,0.00006
,1,0.00006
, de^2,0.00006
, Conventions,0.00006
, Accents,0.00006
, D,0.00006
, d,0.00006
, depth0pt,0.00006
, cal,0.00006
, D-form,0.00006
, hgdedge,0.00006
, gdcbhaddhbgfchbgfdacfediacbabab,0.00006
, skewchar\fivmi='177,0.00006
, A.Westerberg,0.00006
, sounding,0.00006
, P.Sundell,0.00006
, espoused,0.00006
, ecdcdfa,0.00006
,"349,16",0.00006
, def\bordero,0.00006
, skewchar\elvsy='60,0.00006
,"344,0",0.00006
, hgfdiehhgdigicba,0.00006
, def\spb,0.00006
,"340,16",0.00006
, skewchar\twlmi='177,0.00006
, P.Breitenlohner,0.00006
, discerning,0.00006
, 214B,0.00006
, bacdefghidfghghdhededbihdgdfdfhhdheidhdhebaaahjhhdahba,0.00006
,"330,0",0.00006
, skewchar\elvmi='177,0.00006
, skewchar\twtysy='60,0.00006
, skewchar\frtnsy='60,0.00006
, B.~I,0.00006
, skewchar\frtnmi='177,0.00006
, 11-13,0.00006
, skewchar\twtymi='177,0.00006
, hangafter1,0.00006
, skewchar\svtnmi='177,0.00006
, skewchar\egtmi='177,0.00006
,241.5,0.00006
, ababaighefdbfghgeahgdfgafagihdidihiidhiagfedhadbfd,0.00006
, skewchar\sevsy='60,0.00006
, skewchar\egtsy='60,0.00006
,"335,0",0.00006
, skewchar\twlsy='60,0.00006
, skewchar\sevmi='177,0.00006
, skewchar\ninsy='60,0.00006
, skewchar\tenmi='177,0.00006
, def\oldheadpic,0.00006
, contention,0.00006
, skewchar\svtnsy='60,0.00006
, skewchar\fivsy='60,0.00006
, skewchar\ninmi='177,0.00006
, skewchar\tensy='60,0.00006
, g^c,0.00006
, un,0.00007
, o_a,0.00007
, superspaces,0.00007
, Jr.\footnote,0.00007
, coined,0.00007
, ktl,0.00007
, F^5,0.00007
, zup,0.00007
, 218B,0.00007
, def\Topic,0.00007
, satisfies\footnote,0.00007
, Vol.~2,0.00007
, B.E.W.Nilsson,0.00007
, def\qd,0.00007
, def\mimi,0.00007
, def\plpl,0.00007
,"180,0",0.00007
, supertensor,0.00007
, M.~T.~Grisaru,0.00007
, A.von,0.00007
, Big,0.00007
, superdeterminant,0.00007
, superspace,0.00008
, Is,0.00008
, nabla_a,0.00008
, bar,0.00008
, B.Zumino,0.00008
, That,0.00008
,20742,0.00008
, Knutt-Wehlau,0.00008
, border\headpic,0.00009
, p-forms,0.00009
, super-extensions,0.00009
,179,0.00009
, newtoks\slashfraction,0.00009
, supergravity-Yang-Mills,0.00009
, spiritual,0.00009
, impediments,0.00009
, discerned,0.00009
, scale-breaking,0.00009
, supersymmetrical,0.00009
, operationally,0.00009
, definition\footnote,0.00009
, xco=-21,0.00009
, font\ro=cmsy10,0.00009
, def\slsh,0.00009
, PHY-98-02551,0.00009
, vglue.5in,0.00009
, proof\footnote,0.00009
, bouchet.physics.umd.edu,0.00009
,"170,16",0.00009
, P.C.West,0.00009
, cautiously,0.00009
, the\slashfraction\wd0,0.00009
, P.Nath,0.00009
, vaguely,0.00009
, D^2,0.0001
, 1.9pt,0.0001
, psi_c,0.0001
, The,0.0001
, the,0.0001
, Integration,0.0001
, Constraints,0.0001
,339,0.0001
, Facts,0.0001
,"330,16",0.0001
, kbl,0.0001
, B,0.0001
, b,0.0001
, P.Majumdar,0.00011
, Muhammad,0.00011
, hep-th/9709104,0.00011
, CRG-93-0789,0.00011
, talents,0.00011
, multi-variable,0.00011
, colloquial,0.00011
, re-consider,0.00011
, Derivations,0.00011
, derivation\footnote,0.00011
, kclr,0.00011
, accorded,0.00011
, super-determinant,0.00011
, projector\footnote,0.00011
, xco=151,0.00011
, representation-preserving,0.00011
, chiral-like,0.00011
, nabla_d,0.00011
,340,0.00011
, cf_i,0.00011
, passionately,0.00011
, H.Nishino,0.00011
, xco=-31,0.00011
, M.T.Grisaru,0.00011
, Above,0.00011
, Psi,0.00011
, xco,0.00011
, nabla_A,0.00011
, o_A,0.00012
, yco=12,0.00012
,"8,32",0.00012
, Indices,0.00012
, g^3,0.00013
, Hat,0.00013
, GLO,0.00013
, ggrs,0.00013
, sub-manifold,0.00013
,185,0.00013
, kcr,0.00013
, Which,0.00014
, A,0.00014
, a,0.00014
, g_a,0.00014
, by-2,0.00014
, Dot\b,0.00014
, supertensors,0.00014
, prelude,0.00014
, width4.0pt,0.00015
, width4.3pt,0.00015
, width3.6pt,0.00015
, UMDEPP,0.00015
, height0.4pt,0.00015
, width5pt,0.00015
, Prelude,0.00015
,345,0.00015
, slsh,0.00016
, Supermanifolds,0.00016
, Superspace,0.00017
, Berezinian-type,0.00017
, 254B,0.00017
, M.~E.~Knutt-Wehlau,0.00017
, E.~I.~T,0.00017
, otherworldly,0.00017
, Y.Hassoun,0.00017
, VM-I,0.00017
, frivolity,0.00017
, R.N.Oerter,0.00017
, integers\footnote,0.00017
, TOPOLOGY\footnote,0.00017
, conclusion\footnote,0.00017
, components-by-projection,0.00017
, deference,0.00017
, result\newline,0.00017
, 523B,0.00017
, i.e.~component,0.00017
, def\sigb,0.00017
, grope,0.00017
, renewcommand\arraystretch,0.00017
, soul\footnote,0.00017
, ANZIO-i.e.~the,0.00017
, 421B,0.00017
, quantity\footnote,0.00017
, forza,0.00017
, supermanifolds\footnote,0.00017
, ungainly,0.00017
, chiral-type,0.00017
, conjecture\footnote,0.00017
, def\smb,0.00017
, Lebesque,0.00017
, A.Rogers,0.00017
, super-differential,0.00017
, Hat\D,0.00017
, supermeasures,0.00017
, B.~Zupnik,0.00017
, Riemann-Steljes,0.00017
, Whimsically,0.00017
, U_A,0.00017
, nabla,0.00017
, Maryland,0.00018
, Projection,0.00019
, W.Siegel,0.00019
, g^a,0.00019
, g^b,0.00019
, ifnum\yco,0.0002
, S^\b,0.0002
, psi_b,0.00021
, psi_a,0.00021
, supermanifolds,0.00022
, Bar,0.00022
, kern-5.05pt,0.00023
, raise5.8pt\hbox,0.00023
, Dramatically,0.00023
, d_i^j,0.00023
, oldheadpic\begin,0.00023
, def\oldtitle,0.00023
, Prospectives,0.00023
, def\oldTitle,0.00023
, kern0.5pt,0.00023
, raise-2pt\hbox,0.00023
, TO,0.00025
, g_b,0.00026
, slashfraction,0.00026
, M.Ro\v,0.00026
, psi_d,0.00027
, HAS,0.00028
, supercovariantized,0.00029
, HOW,0.00029
, height0.3pt,0.00031
, EXAMPLE,0.00032
, Underline,0.00032
, Tilde,0.00033
, 0.01pt,0.00034
, unrecognized,0.00034
, prospectives,0.00034
, n2d2sg,0.00034
, Stage-I,0.00034
, de^\b,0.00034
, GMOV,0.00034
, component-level,0.00034
, hskip-6.67pt\raise0.0pt,0.00034
, N4D4,0.00034
, gspot,0.00034
, pfm2,0.00034
, USE,0.00036
, advance\yco,0.00039
, G_A,0.00041
, superdifferential,0.00043
, pfm,0.00043
, Density,0.00043
, OF,0.00046
, N_F,0.00048
, FFC,0.00049
, VM-II,0.00051
, char'170,0.00051
, ANZ,0.00055
, Ectoplasm,0.00057
, Nonminimal,0.00069
, GrWe,0.00086
, ECTOPLASM,0.00086
, ectoplasm,0.00086
, stage-II,0.00103
, S.J.Gates,0.00103
, norcor,0.00103
, Stage-II,0.00103
, Supercovariantized,0.00103
, Strengths,0.0012
, ectonorcor,0.0012
, Dot,0.00128
, N_B,0.00264
, Ectoplasmic,0.00292
, fracm,0.00295
, Ethereal,0.00343
